date	accum	weighted_start_date	invested	total_invested	blockchain	BNB	BNB quote	BNB $	BNB %	factor γBNB	γBNB	LTC	LTC quote	LTC $	LTC %	factor γLTC	γLTC	γADJ	subtotal	distributions	distributions_total	total	Total without trades	diff	roi	apr
2026-09-27	345,991,323.64	2025-03-12	$0.00	$7,566.22	Binance	3.9427	$778.66	$3,070.01	58.64%	10.03	39.56	30.12	$71.91	$2,165.70	41.36%	1.605	48.34	87.90	$5,235.71	$486.31	$2,642.73	$7,878.44	$5,606.25	$2,272.20	34.93%	22.62%
2026-02-05	345,991,323.64	2025-03-12	$0.00	$7,566.22	Binance	1.9885	$623.02	$1,238.90	29.35%	10.03	19.95	58.52	$50.95	$2,981.70	70.65%	1.605	93.94	113.89	$4,220.60	$41.25	$2,156.42	$6,377.01	$4,227.64	$2,149.37	28.50%	31.56%
2025-12-11	345,991,323.64	2025-03-12	$0.00	$7,566.22	Binance	2.5515	$866.47	$2,210.79	29.10%	10.03	25.60	66.28	$81.28	$5,387.35	70.90%	1.605	106.39	131.99	$7,598.14	$82.01	$2,115.16	$9,713.30	$6,287.85	$3,425.45	27.96%	37.29%
2025-10-15	345,991,323.64	2025-03-12	$0.00	$7,566.22	Binance	1.6185	$1,180.94	$1,911.34	20.99%	10.03	16.24	77.31	$93.05	$7,193.48	79.01%	1.605	124.09	140.33	$9,104.81	$1,955.88	$2,033.15	$11,137.97	$7,875.39	$3,262.58	26.87%	45.28%
2025-05-16	345,991,323.64	2025-03-12	$0.00	$7,566.22	Binance	6.1196	$653.83	$4,001.17	48.10%	10.03	61.41	42.63	$101.26	$4,316.91	51.90%	1.605	68.43	129.84	$8,318.08	$0.00	$77.28	$8,395.36	$6,308.86	$2,086.50	1.02%	5.77%
2025-05-14	345,991,323.64	2025-03-12	$0.00	$7,566.22	Binance	6.8901	$656.68	$4,524.56	53.96%	10.03	69.14	37.64	$102.57	$3,860.72	46.04%	1.605	60.42	129.56	$8,385.28	$0.00	$77.28	$8,462.55	$6,370.39	$2,092.16	1.02%	5.96%
2025-05-09	345,991,323.64	2025-03-12	$0.00	$7,566.22	Binance	7.6605	$636.76	$4,877.91	60.24%	10.03	76.87	32.69	$98.48	$3,219.77	39.76%	1.605	52.48	129.35	$8,097.68	$0.00	$77.28	$8,174.96	$6,138.81	$2,036.15	1.02%	6.47%
2025-05-05	345,991,323.64	2025-03-12	$0.00	$7,566.22	Binance	6.4699	$596.04	$3,856.32	52.00%	10.03	64.92	40.32	$88.26	$3,559.05	48.00%	1.605	64.73	129.65	$7,415.37	$0.00	$77.28	$7,492.65	$5,592.59	$1,900.06	1.02%	6.96%
2025-04-21	345,991,323.64	2025-03-12	$0.00	$7,566.22	Binance	4.8064	$602.06	$2,893.72	40.76%	10.03	48.23	52.32	$80.39	$4,206.38	59.24%	1.605	83.99	132.22	$7,100.10	$38.21	$77.28	$7,177.38	$5,305.85	$1,871.53	1.02%	9.41%
2025-03-22	345,991,323.64	2025-03-12	$1,712.08	$7,566.22	Binance	0.8933	$627.78	$560.82	9.39%	10.03	8.96	59.42	$91.06	$5,410.54	90.61%	1.605	95.37	104.34	$5,971.36	$39.06	$39.06	$6,010.42	$5,815.97	$194.45	0.52%	19.63%
2025-03-11	267,684,253.20	2025-03-09	$1,712.08	$5,854.14	Binance	1.0085	$544.50	$549.12	9.63%	10.03	10.12	59.17	$87.10	$5,154.01	90.37%	1.605	94.98	105.10	$5,703.13	$0.00	$0.00	$5,703.13	$5,362.52	$340.60	0.00%	0.00%
2025-03-10	189,396,015.63	2025-03-09	$2,100.50	$4,142.07	Binance	0.0995	$568.24	$56.56	1.34%	14.12	1.41	42.37	$98.00	$4,152.56	98.66%	2.436	103.22	104.63	$4,209.12	$0.00	$0.00	$4,209.12	$4,021.71	$187.41	0.00%	0.00%
2025-03-08	93,348,494.76	2025-03-08	$2,041.56	$2,041.56	Binance	0.0995	$597.33	$59.42	2.89%	29.258	2.91	19.02	$105.13	$2,000.02	97.11%	5.149	97.97	100.88	$2,059.45	$0.00	$0.00	$2,059.45	$2,059.45	$0.00	0.00%	0.00%
