date	accum	weighted_start_date	invested	total_invested	blockchain	BTC	BTC quote	BTC $	BTC %	factor γBTC	γBTC	BNB	BNB quote	BNB $	BNB %	factor γBNB	γBNB	γADJ	subtotal	distributions	distributions_total	total	Total without trades	diff	roi	apr
2025-12-11	455796323.2	2025-02-26	$0.00	$9,970.54	Binance	0.0805	$90,232.00	$7,265.93	70.54%	991.04	79.80	3.5021	$866.47	$3,034.50	29.46%	6.713	23.51	103.31	$10,300.43	$72.91	$4,346.73	$14,647.17	$11,042.64	$3,604.53	43.60%	55.31%
2025-10-07	455796323.2	2025-02-26	$0.00	$9,970.54	Binance	0.0996	$124,544.00	$12,408.07	86.05%	991.04	98.74	1.5236	$1,319.72	$2,010.78	13.95%	6.713	10.23	108.96	$14,418.85	$89.67	$4,273.82	$18,692.67	$16,180.14	$2,512.53	42.86%	70.25%
2025-10-02	455796323.2	2025-02-26	$0.00	$9,970.54	Binance	0.0991	$119,321.00	$11,830.44	87.20%	991.04	98.26	1.6378	$1,060.19	$1,736.38	12.80%	6.713	10.99	109.25	$13,566.82	$2,469.94	$4,184.15	$17,750.97	$13,953.43	$3,797.54	41.97%	70.36%
2025-06-11	455796323.2	2025-02-26	$0.00	$9,970.54	Binance	0.0413	$109,800.00	$4,537.38	39.85%	991.04	40.95	10.1703	$673.50	$6,849.66	60.15%	6.713	68.27	109.22	$11,387.04	$0.00	$1,714.20	$13,101.24	$10,549.51	$2,551.73	17.19%	59.93%
2025-05-23	455796323.2	2025-02-26	$0.00	$9,970.54	Binance	0.0367	$109,800.00	$4,029.22	35.39%	991.04	36.37	10.9203	$673.50	$7,354.80	64.61%	6.713	73.30	109.67	$11,384.02	$0.00	$1,714.20	$13,098.22	$10,549.51	$2,548.71	17.19%	73.22%
2025-05-16	455796323.2	2025-02-26	$0.00	$9,970.54	Binance	0.0321	$103,657.00	$3,328.22	30.37%	991.04	31.82	11.6703	$653.83	$7,630.38	69.63%	6.713	78.34	110.16	$10,958.60	$0.00	$1,714.20	$12,672.81	$10,095.85	$2,576.95	17.19%	79.73%
2025-05-14	455796323.2	2025-02-26	$0.00	$9,970.54	Binance	0.0273	$104,070.00	$2,845.07	25.83%	991.04	27.09	12.4407	$656.68	$8,169.58	74.17%	6.713	83.51	110.60	$11,014.64	$0.00	$1,714.20	$12,728.84	$10,137.93	$2,590.91	17.19%	81.81%
2025-05-11	455796323.2	2025-02-26	$0.00	$9,970.54	Binance	0.0225	$104,742.00	$2,355.65	21.20%	991.04	22.29	13.3115	$657.90	$8,757.65	78.80%	6.713	89.36	111.64	$11,113.30	$0.00	$1,714.20	$12,827.50	$10,180.50	$2,647.00	17.19%	85.14%
2025-05-09	455796323.2	2025-02-26	$0.00	$9,970.54	Binance	0.0305	$102,932.00	$3,138.40	29.05%	991.04	30.22	12.0360	$636.76	$7,664.03	70.95%	6.713	80.79	111.01	$10,802.43	$0.00	$1,714.20	$12,516.63	$9,930.49	$2,586.14	17.19%	87.52%
2025-05-08	455796323.2	2025-02-26	$0.00	$9,970.54	Binance	0.0353	$99,454.00	$3,515.00	33.57%	991.04	35.03	11.2926	$615.83	$6,954.33	66.43%	6.713	75.80	110.83	$10,469.33	$239.77	$1,714.20	$12,183.53	$9,599.38	$2,584.15	17.19%	88.75%
2025-05-05	455796323.2	2025-02-26	$0.00	$9,970.54	Binance	0.0498	$94,365.00	$4,697.96	45.99%	991.04	49.34	9.2561	$596.04	$5,516.99	54.01%	6.713	62.13	111.47	$10,214.95	$1,112.41	$1,474.43	$11,689.38	$9,197.06	$2,492.32	14.79%	79.72%
2025-04-21	455796323.2	2025-02-26	$0.00	$9,970.54	Binance	0.0836	$87,269.00	$7,296.12	74.11%	991.04	82.86	4.2327	$602.06	$2,548.35	25.89%	6.713	28.41	111.27	$9,844.47	$91.68	$362.03	$10,206.50	$8,890.95	$1,315.55	3.63%	24.68%
2025-03-21	455796323.2	2025-02-26	$0.00	$9,970.54	Binance	0.1073	$84,126.00	$9,028.03	94.16%	991.04	106.35	0.8918	$627.78	$559.84	5.84%	6.713	5.99	112.34	$9,587.87	$83.28	$270.35	$9,858.22	$8,930.16	$928.05	2.71%	43.59%
2025-03-18	455796323.2	2025-02-26	$0.00	$9,970.54	Binance	0.1016	$82,576.00	$8,393.43	88.21%	991.04	100.73	1.7752	$632.14	$1,122.20	11.79%	6.713	11.92	112.65	$9,515.63	$74.32	$187.06	$9,702.69	$8,886.39	$816.31	1.88%	34.75%
2025-03-17	455796323.2	2025-02-26	$0.00	$9,970.54	Binance	0.0900	$83,513.00	$7,515.79	77.53%	991.04	89.19	3.4507	$631.20	$2,178.08	22.47%	6.713	23.16	112.35	$9,693.87	$112.74	$112.74	$9,806.61	$8,925.71	$880.91	1.13%	22.07%
2025-03-08	455796323.2	2025-02-26	$0.00	$9,970.54	Binance	0.0651	$86,223.00	$5,610.75	57.61%	991.04	64.49	6.9110	$597.33	$4,128.16	42.39%	6.713	46.39	110.88	$9,738.91	$0.00	$0.00	$9,738.91	$8,803.24	$935.67	0.00%	0.00%
2025-03-06	455796323.2	2025-02-26	$0.00	$9,970.54	Binance	0.0535	$90,257.00	$4,827.58	48.30%	991.04	53.01	8.6018	$600.74	$5,167.42	51.70%	6.713	57.74	110.75	$9,995.01	$0.00	$0.00	$9,995.01	$9,029.06	$965.95	0.00%	0.00%
2025-03-05	455796323.2	2025-02-26	$0.00	$9,970.54	Binance	0.0649	$88,758.00	$5,759.25	58.44%	991.04	64.31	6.9245	$591.41	$4,095.23	41.56%	6.713	46.48	110.79	$9,854.48	$0.00	$0.00	$9,854.48	$8,884.01	$970.47	0.00%	0.00%
2025-03-04	455796323.2	2025-02-26	$1,973.32	$9,970.54	Binance	0.0760	$86,953.70	$6,608.23	67.71%	991.04	75.32	5.3502	$588.97	$3,151.08	32.29%	6.713	35.91	111.23	$9,759.31	$0.00	$0.00	$9,759.31	$8,776.07	$983.24	0.00%	0.00%
2025-03-03	365575975.6	2025-02-24	$1,975.94	$7,997.22	Binance	0.0647	$83,776.08	$5,417.58	72.61%	1248.28	80.72	3.6744	$556.12	$2,043.39	27.39%	8.286	30.45	111.17	$7,460.97	$0.00	$0.00	$7,460.97	$6,714.61	$746.36	0.00%	0.00%
2025-02-26	275237975.7	2025-02-22	$1,883.31	$6,021.28	Binance	0.0649	$87,732.00	$5,690.88	98.94%	1607.85	104.30	0.0986	$618.12	$60.93	1.06%	11.328	1.12	105.41	$5,751.81	$0.00	$0.00	$5,751.81	$5,460.78	$291.02	0.00%	0.00%
2025-02-25	189144502.8	2025-02-21	$0.00	$4,137.97	Binance	0.0421	$88,637.00	$3,735.84	98.03%	2386.95	100.60	0.12	$624.50	$75.06	1.97%	16.178	1.94	102.55	$3,810.90	$0.00	$0.00	$3,810.90	$3,792.01	$18.89	0.00%	0.00%
2025-02-22	189144502.8	2025-02-21	$1,914.93	$4,137.97	Binance	0.0307	$96,708.00	$2,972.12	72.26%	2386.95	73.36	1.74	$655.44	$1,140.84	27.74%	16.178	28.16	101.52	$4,112.96	$0.00	$0.00	$4,112.96	$4,053.76	$59.20	0.00%	0.00%
2025-02-21	101613094.7	2025-02-21	$2,223.04	$2,223.04	Binance	0.0104	$99,221.00	$1,028.34	46.26%	4463.30	46.26	1.79	$666.62	$1,194.71	53.74%	29.99	53.74	100.00	$2,223.04	$0.00	$0.00	$2,223.04	$2,223.04	$0.00	0.00%	0.00%
