date	accum	weighted_start_date	invested	total_invested	blockchain	BTC	BTC quote	BTC $	BTC %	factor γBTC	γBTC	DOGE	DOGE quote	DOGE $	DOGE %	factor γDOGE	γDOGE	γADJ	subtotal	distributions	distributions_total	total	Total without trades	diff	roi	apr
2025-12-11	487418732.7	2025-03-17	$0.00	$10,657.79	Binance	0.0216	$90,232.00	$1,951.45	21.38%	901.47	19.50	52085	$0.1378	$7,177.32	78.62%	0.002	85.53	105.02	$9,128.77	$317.37	$3,038.86	$12,167.62	$8,928.64	$3,238.98	28.51%	38.77%
2025-10-15	487418732.7	2025-03-17	$0.00	$10,657.79	Binance	0.0473	$111,080.00	$5,250.42	41.31%	901.47	42.61	37609	$0.1983	$7,457.87	58.69%	0.002	61.76	104.37	$12,708.29	$131.00	$2,721.49	$15,429.78	$11,962.95	$3,466.83	25.54%	44.08%
2025-10-02	487418732.7	2025-03-17	$0.00	$10,657.79	Binance	0.0557	$119,321.00	$6,645.23	43.62%	901.47	50.20	33511	$0.2563	$8,588.88	56.38%	0.002	55.03	105.23	$15,234.10	$218.11	$2,590.49	$17,824.60	$14,317.55	$3,507.05	24.31%	44.71%
2025-06-11	487418732.7	2025-03-17	$0.00	$10,657.79	Binance	0.0445	$109,230.00	$4,856.58	38.16%	901.47	40.08	39556	$0.1990	$7,871.56	61.84%	0.002	64.95	105.03	$12,728.15	$739.86	$2,372.39	$15,100.53	$11,899.36	$3,201.17	22.26%	95.12%
2025-06-02	487418732.7	2025-03-17	$498.66	$10,657.79	Binance	0.0934	$104,142.00	$9,724.05	76.04%	901.47	84.17	16149	$0.1897	$3,063.49	23.96%	0.002	26.52	110.69	$12,787.55	$0.00	$1,632.52	$14,420.07	$11,344.05	$3,076.02	15.32%	73.16%
2025-05-18	464575208.4	2025-03-13	$0.00	$10,159.13	Binance	0.0934	$109,800.00	$10,252.36	76.19%	901.64	84.19	13520	$0.2370	$3,204.36	23.81%	0.002	24.36	108.55	$13,456.71	$0.00	$1,632.52	$15,089.24	$12,608.05	$2,481.18	16.07%	90.00%
2025-05-16	464575208.4	2025-03-13	$0.00	$10,159.13	Binance	0.0922	$103,657.00	$9,560.60	74.97%	901.64	83.16	14056	$0.2271	$3,192.13	25.03%	0.002	25.32	108.48	$12,752.73	$0.00	$1,632.52	$14,385.26	$12,007.93	$2,377.32	16.07%	92.85%
2025-05-14	464575208.4	2025-03-13	$0.00	$10,159.13	Binance	0.0827	$104,070.00	$8,604.61	66.04%	901.64	74.55	18626	$0.2376	$4,425.55	33.96%	0.002	33.56	108.11	$13,030.17	$0.00	$1,632.52	$14,662.69	$12,356.42	$2,306.27	16.07%	95.88%
2025-05-11	464575208.4	2025-03-13	$0.00	$10,159.13	Binance	0.0730	$104,742.00	$7,649.94	58.77%	901.64	65.85	22936	$0.2340	$5,367.04	41.23%	0.002	41.32	107.17	$13,016.98	$1,489.43	$1,632.52	$14,649.50	$12,275.34	$2,374.16	16.07%	100.83%
2025-05-09	464575208.4	2025-03-13	$0.00	$10,159.13	Binance	0.0263	$102,932.00	$2,711.54	22.42%	901.64	23.75	45530	$0.2061	$9,383.73	77.58%	0.002	82.03	105.78	$12,095.27	$0.00	$143.09	$12,238.37	$11,315.71	$922.65	1.41%	9.15%
2025-05-08	464575208.4	2025-03-13	$0.00	$10,159.13	Binance	0.0166	$99,454.00	$1,653.42	15.10%	901.64	14.99	50400	$0.1844	$9,293.76	84.90%	0.002	90.80	105.79	$10,947.18	$0.00	$143.09	$11,090.28	$10,471.63	$618.65	1.41%	9.32%
2025-05-05	464575208.4	2025-03-13	$0.00	$10,159.13	Binance	0.0110	$94,365.00	$1,041.13	10.24%	901.64	9.95	53350	$0.1710	$9,122.85	89.76%	0.002	96.12	106.07	$10,163.98	$96.50	$143.09	$10,307.07	$9,811.59	$495.49	1.41%	9.85%
2025-04-21	464575208.4	2025-03-13	$0.00	$10,159.13	Binance	0.0178	$87,269.00	$1,551.82	16.06%	901.64	16.03	50118	$0.1618	$8,109.04	83.94%	0.002	90.29	106.33	$9,660.86	$46.60	$46.60	$9,707.46	$9,188.42	$519.03	0.46%	4.39%
2025-03-22	464575208.4	2025-03-13	$2,000.12	$10,159.13	Binance	0.0181	$84,126.00	$1,522.16	15.28%	901.64	16.31	50203	$0.1681	$8,439.12	84.72%	0.002	90.45	106.76	$9,961.28	$0.00	$0.00	$9,961.28	$9,237.49	$723.80	0.00%	0.00%
2025-03-18	373093816.3	2025-03-11	$2,111.14	$8,159.01	Binance	0.0121	$82,576.00	$1,002.84	12.70%	1118.01	13.58	41412	$0.1665	$6,895.08	87.30%	0.002	93.35	106.93	$7,897.92	$0.00	$0.00	$7,897.92	$7,302.42	$595.50	0.00%	0.00%
2025-03-11	276542939.7	2025-03-09	$1,923.95	$6,047.87	Binance	0.0061	$80,668.00	$492.56	8.95%	1531.93	9.35	31811	$0.1575	$5,010.23	91.05%	0.003	95.15	104.50	$5,502.79	$0.00	$0.00	$5,502.79	$5,158.00	$344.79	0.00%	0.00%
2025-03-10	188566684.9	2025-03-09	$2,164.25	$4,123.93	Binance	0.0000	$83,293.00	$0.00	0.00%	2154.05	0.00	22825	$0.1776	$4,053.64	100.00%	0.005	104.83	104.83	$4,053.64	$0.00	$0.00	$4,053.64	$3,831.60	$222.04	0.00%	0.00%
2025-03-08	89604346.34	2025-03-08	$1,959.68	$1,959.68	Binance	0.0000	$86,223.00	$0.00	0.00%	4399.85	0.00	10153	$0.1950	$1,979.90	100.00%	0.010	101.03	101.03	$1,979.90	$0.00	$0.00	$1,979.90	$1,979.90	$0.00	0.00%	0.00%
