date	accum	weighted_start_date	invested	total_invested	blockchain	ETH	ETH quote	ETH $	ETH %	factor γETH	γETH	AVAX	AVAX quote	AVAX $	AVAX %	factor γAVAX	γAVAX	γADJ	subtotal	distributions	total_distributions	total	Total without trades	diff	roi	apr
2026-09-27	705,335,416	2025-03-19	$0.00	$15,422.20	Avalanche	0.6140	$2,716.04	$1,667.52	27.89%	23.02	14.13	389.02	$11.08	$4,310.35	72.11%	0.16	60.95	75.08	$5,977.86	$621.27	$3,287.58	$9,265.44	$9,487.17	-$221.72	21.32%	13.97%
2025-12-22	705,335,416	2025-03-19	$0.00	$15,422.20	Avalanche	0.1352	$3,057.44	$413.22	5.57%	23.02	3.11	561.39	$12.48	$7,006.18	94.43%	0.16	87.95	91.06	$7,419.40	$85.50	$2,666.31	$10,085.71	$11,288.50	-$1,202.80	17.29%	22.71%
2025-10-13	705,335,416	2025-03-19	$0.00	$15,422.20	Avalanche	0.1189	$4,105.17	$488.10	3.63%	23.02	2.74	572.29	$22.65	$12,963.68	96.37%	0.16	89.66	92.39	$13,451.78	$699.90	$2,580.82	$16,032.60	$16,567.61	-$535.02	16.73%	29.38%
2025-09-27	705,335,416	2025-03-19	$0.00	$15,422.20	Avalanche	0.8919	$3,941.42	$3,515.22	21.14%	23.02	20.53	463.94	$28.26	$13,110.94	78.86%	0.16	72.68	93.22	$16,626.16	$90.10	$1,880.91	$18,507.07	$17,464.74	$1,042.33	12.20%	23.19%
2025-07-30	705,335,416	2025-03-19	$0.00	$15,422.20	Avalanche	0.6581	$3,772.37	$2,482.60	17.14%	23.02	15.15	496.54	$24.16	$11,998.22	82.86%	0.16	77.79	92.94	$14,480.82	$99.42	$1,790.81	$16,271.63	$16,025.47	$246.15	11.61%	31.89%
2025-07-20	705,335,416	2025-03-19	$842.00	$15,422.20	Avalanche	0.9638	$3,736.78	$3,601.51	23.81%	23.02	22.19	453.27	$25.43	$11,526.56	76.19%	0.16	71.01	93.20	$15,128.06	$62.72	$1,691.39	$16,819.45	$16,231.84	$587.61	10.97%	32.57%
2025-07-03	666,722,980	2025-03-11	$690.28	$14,580.20	Avalanche	1.0103	$2,574.82	$2,601.34	25.34%	24.43	24.68	413.57	$18.53	$7,663.86	74.66%	0.18	72.72	97.41	$10,265.20	$0.00	$1,628.67	$11,893.87	$10,538.41	$1,355.47	11.17%	36.07%
2025-07-01	635,079,656	2025-03-06	$707.72	$13,889.91	Avalanche	0.9132	$2,442.89	$2,230.85	25.24%	26.73	24.41	386.67	$17.09	$6,608.73	74.76%	0.19	72.31	96.72	$8,839.58	$0.00	$1,628.67	$10,468.25	$9,139.42	$1,328.83	11.73%	36.69%
2025-06-26	602,638,583	2025-02-28	$738.09	$13,182.20	Avalanche	0.8090	$2,451.32	$1,983.12	24.27%	28.92	23.40	357.29	$17.32	$6,188.27	75.73%	0.20	73.00	96.40	$8,171.39	$0.00	$1,628.67	$9,800.06	$8,476.50	$1,323.56	12.36%	38.25%
2025-06-20	568,809,018	2025-02-21	$0.00	$12,444.11	Avalanche	0.6011	$2,495.99	$1,500.34	19.50%	30.43	18.29	357.03	$17.35	$6,194.46	80.50%	0.22	77.22	95.51	$7,694.80	$0.00	$1,628.67	$9,323.47	$8,129.63	$1,193.84	13.09%	40.18%
2025-06-19	568,809,018	2025-02-21	$717.74	$12,444.11	Avalanche	0.3915	$2,518.42	$985.96	12.49%	30.43	11.91	385.94	$17.90	$6,908.33	87.51%	0.22	83.47	95.39	$7,894.29	$0.00	$1,628.67	$9,522.96	$8,275.85	$1,247.12	13.09%	40.52%
2025-06-15	535,917,305	2025-02-13	$602.66	$11,726.37	Avalanche	0.1939	$2,522.18	$489.05	6.02%	31.06	6.02	385.75	$19.79	$7,633.84	93.98%	0.24	94.02	100.05	$8,122.89	$0.00	$1,628.67	$9,751.56	$8,119.08	$1,632.49	13.89%	41.86%
2025-06-14	508,301,624	2025-02-07	$626.90	$11,123.71	Avalanche	0.0985	$2,533.93	$249.59	3.52%	34.35	3.38	360.25	$18.97	$6,834.12	96.48%	0.26	92.65	96.04	$7,083.71	$672.43	$1,628.67	$8,712.38	$7,375.90	$1,336.48	14.64%	42.19%
2025-05-16	479,575,596	2025-01-30	$0.00	$10,496.81	Avalanche	1.3664	$2,605.11	$3,559.59	45.53%	32.63	44.58	184.00	$23.15	$4,259.35	54.47%	0.31	57.93	102.51	$7,818.95	$114.08	$956.24	$8,775.19	$7,416.30	$1,358.89	9.11%	31.60%
2025-05-05	479,575,596	2025-01-30	$0.00	$10,496.81	Avalanche	1.6373	$1,805.93	$2,956.87	48.89%	32.63	53.42	158.78	$19.47	$3,091.64	51.11%	0.31	49.99	103.41	$6,048.52	$0.00	$842.16	$6,890.67	$5,621.23	$1,269.45	8.02%	31.08%
2025-05-04	479,575,596	2025-01-30	$0.00	$10,496.81	Avalanche	2.0069	$1,830.27	$3,673.19	59.53%	32.63	65.48	124.22	$20.10	$2,496.85	40.47%	0.31	39.11	104.59	$6,170.04	$39.53	$842.16	$7,012.20	$5,748.28	$1,263.92	8.02%	31.41%
2025-04-28	479,575,596	2025-01-30	$0.00	$10,496.81	Avalanche	2.3891	$1,810.52	$4,325.46	67.99%	32.63	77.95	91.90	$22.16	$2,036.46	32.01%	0.31	28.93	106.89	$6,361.92	$78.70	$802.62	$7,164.55	$6,005.47	$1,159.07	7.65%	31.99%
2025-04-21	479,575,596	2025-01-30	$0.00	$10,496.81	Avalanche	2.3294	$1,629.20	$3,795.13	64.86%	32.63	76.01	99.87	$20.59	$2,056.23	35.14%	0.31	31.44	107.45	$5,851.36	$187.24	$723.92	$6,575.28	$5,495.07	$1,080.22	6.90%	31.37%
2025-04-17	479,575,596	2025-01-30	$0.00	$10,496.81	Avalanche	2.2459	$1,599.73	$3,592.78	61.80%	32.63	73.28	114.41	$19.41	$2,220.64	38.20%	0.31	36.02	109.30	$5,813.42	$162.84	$536.68	$6,350.09	$5,282.45	$1,067.64	5.11%	24.48%
2025-03-22	479,575,596	2025-01-30	$0.00	$10,496.81	Avalanche	2.1403	$1,988.22	$4,255.32	62.61%	32.63	69.84	130.33	$19.50	$2,541.43	37.39%	0.31	41.03	110.87	$6,796.75	$0.00	$373.84	$7,170.59	$5,917.04	$1,253.55	3.56%	25.88%
2025-03-15	479,575,596	2025-01-30	$0.00	$10,496.81	Avalanche	2.3103	$1,929.06	$4,456.64	67.02%	32.63	75.38	112.91	$19.42	$2,193.22	32.98%	0.31	35.55	110.93	$6,649.85	$67.19	$373.84	$7,023.70	$5,811.66	$1,212.03	3.56%	30.07%
2025-03-13	479,575,596	2025-01-30	$0.00	$10,496.81	Avalanche	1.4616	$1,897.78	$2,773.74	42.92%	32.63	47.69	199.47	$18.50	$3,689.17	57.08%	0.31	62.80	110.49	$6,462.91	$62.68	$306.65	$6,769.57	$5,631.37	$1,138.19	2.92%	25.86%
2025-03-10	479,575,596	2025-01-30	$0.00	$10,496.81	Avalanche	0.4604	$2,124.93	$978.41	15.26%	32.63	15.02	308.14	$17.63	$5,432.54	84.74%	0.31	97.01	112.03	$6,410.95	$96.22	$243.97	$6,654.92	$5,873.74	$781.18	2.32%	22.19%
2025-03-08	479,575,596	2025-01-30	$0.00	$10,496.81	Avalanche	1.2137	$2,171.42	$2,635.54	36.71%	32.63	39.60	221.94	$20.47	$4,543.09	63.29%	0.31	69.87	109.48	$7,178.64	$0.00	$147.75	$7,326.39	$6,346.33	$980.05	1.41%	14.18%
2025-03-03	479,575,596	2025-01-30	$0.00	$10,496.81	Avalanche	1.6087	$2,181.41	$3,509.33	47.34%	32.63	52.49	179.56	$21.74	$3,903.63	52.66%	0.31	56.53	109.02	$7,412.96	$69.15	$147.75	$7,560.71	$6,540.38	$1,020.33	1.41%	16.45%
2025-02-28	479,575,596	2025-01-30	$0.00	$10,496.81	Avalanche	0.8372	$2,130.02	$1,783.16	24.23%	32.63	27.32	259.89	$21.45	$5,574.65	75.77%	0.31	81.82	109.14	$7,357.82	$78.60	$78.60	$7,436.41	$6,417.45	$1,018.96	0.75%	9.68%
2025-02-20	479,575,596	2025-01-30	$0.00	$10,496.81	Avalanche	0.0000	$2,737.28	$0.00	0.00%	32.63	0.00	348.12	$24.56	$8,549.94	100.00%	0.31	109.60	109.60	$8,549.94	$0.00	$0.00	$8,549.94	$7,825.69	$724.24	0.00%	0.00%
2025-02-19	479,575,596	2025-01-30	$0.00	$10,496.81	Avalanche	0.3045	$2,711.42	$825.63	9.97%	32.63	9.94	314.28	$23.72	$7,454.68	90.03%	0.31	98.94	108.88	$8,280.31	$0.00	$0.00	$8,280.31	$7,666.52	$613.79	0.00%	0.00%
2025-02-17	479,575,596	2025-01-30	$0.00	$10,496.81	Avalanche	0.6745	$2,762.94	$1,863.61	21.14%	32.63	22.01	272.24	$25.53	$6,950.19	78.86%	0.31	85.71	107.71	$8,813.80	$0.00	$0.00	$8,813.80	$8,002.77	$811.03	0.00%	0.00%
2025-02-14	479,575,596	2025-01-30	$2,016.30	$10,496.81	Avalanche	1.0345	$2,689.53	$2,782.33	31.53%	32.63	33.76	232.86	$25.95	$6,042.84	68.47%	0.31	73.31	107.07	$8,825.16	$0.00	$0.00	$8,825.16	$7,892.69	$932.47	0.00%	0.00%
2025-02-13	387,426,756	2025-01-27	$2,073.68	$8,480.51	Avalanche	0.6679	$2,665.18	$1,780.04	26.35%	41.92	28.00	194.83	$25.54	$4,976.05	73.65%	0.40	78.27	106.27	$6,756.09	$0.00	$0.00	$6,756.09	$6,357.56	$398.53	0.00%	0.00%
2025-01-23	292,657,725	2025-01-22	$0.00	$6,406.83	Avalanche	0.6700	$3,294.25	$2,207.15	34.00%	51.42	34.45	117.78	$36.38	$4,284.75	66.00%	0.57	66.88	101.33	$6,491.89	$0.00	$0.00	$6,491.89	$6,406.83	$85.06	0.00%	0.00%
2025-01-22	292,657,725	2025-01-22	$6,406.83	$6,406.83	Avalanche	1.0000	$3,294.25	$3,294.25	51.42%	51.42	51.42	85.56	$36.38	$3,112.58	48.58%	0.57	48.58	100.00	$6,406.83	$0.00	$0.00	$6,406.83	$6,406.83	$0.00	0.00%	0.00%
