date	pool	token	quote	amount	amount $	paydown	paydown $	sum	BTC $	BNB $	asUSD	total
2025-03-17	BTC+BNB	BTC	$83,513.00	0.0012	$100.22	0.00015	$12.53	0.00135	$112.74	$0.00	$112.74	$112.74
2025-03-18	BTC+BNB	BTC	$82,576.00	0.0008	$66.06	0.0001	$8.26	0.0009	$187.06	$0.00	$74.32	$187.06
2025-03-22	BTC+BNB	BTC	$84,126.00	0.00088	$74.03	0.00011	$9.25	0.00099	$270.35	$0.00	$83.28	$270.35
2025-04-21	BTC+BNB	BNB	$602.06	0.13536	$81.49	0.01692	$10.19	0.15228	$270.35	$91.68	$91.68	$362.03
2025-05-05	BTC+BNB	BNB	$596.04	1.65896	$988.81	0.20737	$123.60	1.86633	$270.35	$1,204.09	$1,112.41	$1,474.43
2025-05-08	BTC+BNB	BNB	$615.83	0.34608	$213.13	0.04326	$26.64	0.38934	$270.35	$1,443.86	$239.77	$1,714.20
2025-10-02	BTC+BNB	BTC	$119,321.00	0.0184	$2,195.51	0.0023	$274.44	0.0207	$2,740.29	$1,443.86	$2,469.94	$4,184.15
2025-10-07	BTC+BNB	BTC	$124,544.00	0.00064	$79.71	0.00008	$9.96	0.00072	$2,829.96	$1,443.86	$89.67	$4,273.82
2025-12-11	BTC+BNB	BNB	$866.47	0.0748	$64.81	0.00935	$8.10	0.08415	$2,829.96	$1,516.77	$72.91	$4,346.73
2026-10-01	BTC+BNB	BNB	$767.02	0.044577	$34.19	0.005572	$4.27	0.050149	$2,829.96	$1,555.24	$38.47	$4,385.20
2026-10-01	BTC+BNB	BTC	$83,677.00	0.000288	$24.13	0.000036	$3.02	0.000324	$2,857.10	$1,555.24	$27.14	$4,412.34
