date	pool	token	quote	amount	amount $	paydown	paydown $	sum	ETH $	AVAX $	asUSD	total
2025-02-28	ETH+AVAX	ETH	$2,130.02	0.0328	$69.86	0.0041	$8.73	0.0369	$78.60	$0.00	$78.60	$78.60
2025-03-03	ETH+AVAX	ETH	$2,371.48	0.0259	$61.47	0.0032	$7.68	0.0292	$147.75	$0.00	$69.15	$147.75
2025-03-10	ETH+AVAX	AVAX	$17.63	4.8512	$85.53	0.6064	$10.69	5.4576	$147.75	$96.22	$96.22	$243.97
2025-03-13	ETH+AVAX	ETH	$1,897.78	0.0294	$55.72	0.0037	$6.96	0.0330	$210.43	$96.22	$62.68	$306.65
2025-03-15	ETH+AVAX	ETH	$1,929.06	0.0310	$59.72	0.0039	$7.47	0.0348	$277.62	$96.22	$67.19	$373.84
2025-04-17	ETH+AVAX	ETH	$1,599.73	0.0905	$144.74	0.0113	$18.09	0.1018	$440.46	$96.22	$162.84	$536.68
2025-04-21	ETH+AVAX	ETH	$1,629.20	0.1022	$166.44	0.0128	$20.80	0.1149	$627.70	$96.22	$187.24	$723.92
2025-04-28	ETH+AVAX	ETH	$1,810.52	0.0386	$69.96	0.0048	$8.74	0.0435	$706.41	$96.22	$78.70	$802.62
2025-05-04	ETH+AVAX	ETH	$1,830.27	0.0192	$35.14	0.0024	$4.39	0.0216	$745.94	$96.22	$39.53	$842.16
2025-05-16	ETH+AVAX	AVAX	$23.15	4.3805	$101.41	0.5476	$12.68	4.9280	$745.94	$210.30	$114.08	$956.24
2025-06-14	ETH+AVAX	AVAX	$18.97	31.5083	$597.71	3.9385	$74.71	35.4469	$745.94	$882.73	$672.43	$1,628.67
2025-07-20	ETH+AVAX	AVAX	$25.43	2.1923	$55.75	0.2740	$6.97	2.4664	$745.94	$945.45	$62.72	$1,691.39
2025-07-28	ETH+AVAX	AVAX	$25.03	3.5308	$88.38	0.4414	$11.05	3.9722	$745.94	$1,044.87	$99.42	$1,790.81
2025-09-28	ETH+AVAX	ETH	$3,941.42	0.0203	$80.09	0.0025	$10.01	0.0229	$836.04	$1,044.87	$90.10	$1,880.91
2025-10-13	ETH+AVAX	AVAX	$22.65	27.4674	$622.14	3.4334	$77.77	30.9008	$836.04	$1,744.77	$699.90	$2,580.82
2025-12-22	ETH+AVAX	AVAX	$12.18	6.2395	$76.00	0.7799	$9.50	7.0195	$836.04	$1,830.27	$85.50	$2,666.31
2026-09-27	ETH+AVAX	ETH	$2,716.04	0.2033	$552.24	0.0254	$69.03	0.2287	$1,457.31	$1,830.27	$621.27	$3,287.58
