date	ADA	ATOM	AURORA	AVAX	BNB	BTC	DOGE	DOT	ETH	INDY	KUJI	LINK	LTC	LUNA	NEAR	OSMO	QI	ROAR	SNEK	SOL	UNDEAD	stable
2025-07-28	$12,458.09	$1,153.21	$1,514.34	$26,299.09	$29,100.23	$116,588.65	$9,149.21	$0.00	$20,823.89	$1,844.85	$0.00	$4,706.98	$5,372.36	$576.94	$1,785.44	$1,074.01	$2,350.74	$165.51	$2,848.11	$1,371.68	$0.00	$35,085.96
2025-07-27	$12,826.61	$1,162.92	$1,565.58	$25,421.83	$27,817.25	$116,968.03	$9,374.67	$0.00	$21,027.63	$1,844.85	$0.00	$4,819.84	$5,530.00	$598.17	$1,842.63	$1,103.04	$2,356.47	$168.56	$2,959.45	$1,378.02	$0.00	$35,075.36
2025-07-26	$12,867.04	$1,150.78	$1,485.87	$25,261.12	$27,338.57	$116,343.55	$9,390.50	$0.00	$20,590.08	$1,828.95	$0.00	$4,694.15	$5,567.58	$589.61	$1,829.92	$1,085.04	$2,322.35	$163.96	$2,942.51	$1,386.72	$0.00	$35,068.41
2025-07-25	$12,560.72	$1,138.64	$1,472.59	$24,236.32	$27,061.15	$114,973.07	$9,141.30	$0.00	$20,364.02	$1,844.85	$0.00	$4,683.89	$5,604.18	$583.45	$1,766.38	$1,069.94	$2,276.76	$160.54	$2,799.70	$1,335.10	$0.00	$35,067.03
2025-07-24	$12,621.36	$1,131.35	$1,476.39	$23,824.05	$26,867.24	$118,370.06	$9,434.01	$0.00	$19,552.43	$1,797.14	$0.00	$4,627.46	$5,531.46	$575.23	$1,721.90	$1,051.95	$2,266.79	$161.75	$2,977.20	$1,374.41	$0.00	$35,061.50
2025-07-23	$12,882.59	$1,175.06	$1,512.44	$24,214.61	$27,528.64	$117,810.03	$9,754.41	$0.00	$19,344.71	$1,797.14	$0.00	$4,696.72	$5,533.41	$605.71	$1,791.79	$1,113.49	$2,378.21	$169.07	$3,113.55	$1,410.32	$0.00	$35,061.50
2025-07-22	$13,638.29	$1,226.04	$1,546.60	$24,962.64	$26,666.68	$119,976.98	$10,577.16	$0.00	$19,331.98	$1,876.66	$0.00	$4,940.40	$5,616.87	$632.41	$1,880.75	$1,154.12	$2,432.87	$174.64	$3,199.08	$1,466.74	$0.00	$35,082.82
2025-07-21	$14,336.45	$1,274.60	$1,588.35	$25,433.52	$26,982.19	$119,033.64	$10,790.76	$0.00	$19,913.23	$2,019.79	$0.00	$5,127.65	$5,708.62	$642.34	$1,918.87	$1,204.63	$2,508.36	$178.51	$3,427.41	$1,411.14	$0.00	$34,679.45
2025-07-20	$13,210.68	$1,255.17	$1,590.25	$24,492.27	$26,091.23	$118,779.94	$9,979.87	$0.00	$19,504.44	$1,844.85	$0.00	$4,942.97	$5,677.39	$625.91	$1,899.81	$1,166.31	$2,462.76	$173.87	$3,224.90	$1,330.08	$0.00	$34,679.45
2025-07-19	$12,703.77	$1,172.63	$1,539.01	$22,386.64	$25,773.97	$116,912.43	$9,695.07	$0.00	$20,933.38	$1,781.24	$0.00	$4,542.81	$4,932.64	$598.52	$1,791.79	$1,085.62	$2,430.15	$164.97	$2,989.30	$1,301.03	$0.00	$33,678.65
2025-07-18	$12,999.21	$1,213.90	$1,681.33	$22,765.86	$26,080.39	$116,586.20	$9,683.21	$0.00	$21,093.71	$1,876.66	$0.00	$4,655.67	$5,122.48	$627.28	$1,836.27	$1,119.87	$2,290.34	$167.52	$3,146.63	$1,310.39	$0.00	$33,684.46
2025-07-17	$12,538.95	$1,160.49	$1,607.32	$28,083.18	$25,058.41	$105,464.69	$8,492.58	$0.00	$25,510.14	$1,828.95	$0.00	$4,383.77	$4,855.52	$600.57	$1,772.73	$1,082.72	$2,183.15	$163.42	$2,879.57	$1,299.11	$0.00	$33,466.59
2025-07-16	$11,671.30	$1,128.93	$1,556.09	$27,124.13	$24,214.61	$106,220.68	$7,966.50	$0.00	$23,626.82	$1,698.54	$0.00	$4,250.39	$4,748.16	$590.64	$1,696.49	$1,056.59	$2,095.88	$157.60	$2,623.81	$1,230.23	$0.00	$33,466.59
2025-07-15	$11,288.79	$1,092.51	$1,576.96	$25,833.09	$23,781.71	$104,740.90	$7,578.85	$0.00	$22,168.46	$1,657.19	$0.00	$3,934.88	$4,511.46	$569.07	$1,588.47	$1,006.08	$2,013.45	$151.63	$2,441.46	$1,177.57	$0.00	$33,466.59
2025-07-14	$11,658.86	$1,145.92	$1,563.68	$26,706.09	$24,618.87	$108,897.51	$8,152.41	$0.00	$22,685.49	$1,681.04	$0.00	$4,178.56	$4,737.91	$598.17	$1,683.78	$1,062.98	$2,086.83	$157.43	$2,702.88	$1,231.19	$0.00	$33,414.14
2025-07-13	$11,475.38	$1,136.21	$1,453.61	$25,996.38	$24,192.60	$105,790.92	$7,911.12	$0.00	$22,113.45	$1,717.62	$0.00	$3,970.79	$4,644.20	$588.59	$1,620.24	$1,035.69	$2,138.76	$151.13	$2,424.52	$1,196.89	$0.00	$39,508.77
2025-07-12	$11,050.88	$1,116.79	$1,446.02	$25,190.48	$23,988.20	$105,030.97	$7,733.12	$0.00	$21,799.28	$1,636.51	$0.00	$3,852.79	$4,510.48	$571.47	$1,569.41	$1,022.34	$2,104.35	$145.93	$2,267.19	$1,175.80	$0.00	$39,508.77
2025-07-11	$11,682.18	$1,155.63	$1,499.16	$26,179.54	$24,220.90	$105,479.79	$8,097.03	$0.00	$22,259.69	$1,738.30	$0.00	$4,052.87	$4,745.72	$605.36	$1,671.07	$997.96	$2,117.37	$153.44	$2,534.25	$1,236.57	$0.00	$39,508.77
2025-07-10	$9,735.41	$1,046.38	$1,364.42	$23,859.52	$23,440.70	$99,140.88	$7,127.92	$0.00	$20,605.27	$1,477.95	$0.00	$3,665.54	$4,428.00	$537.91	$1,493.16	$897.52	$1,918.03	$136.54	$1,775.83	$1,160.53	$0.00	$39,508.77
2025-07-09	$9,556.60	$1,024.53	$1,305.60	$22,809.41	$23,136.03	$97,912.44	$6,894.54	$0.00	$19,750.00	$1,438.67	$0.00	$3,627.07	$4,329.42	$524.90	$1,455.04	$878.36	$1,881.76	$128.46	$1,604.78	$1,137.60	$0.00	$39,508.77
2025-07-08	$9,122.77	$992.97	$1,286.62	$22,223.30	$23,085.01	$97,337.55	$6,771.92	$0.00	$19,169.48	$1,384.28	$0.00	$3,475.72	$4,243.52	$512.92	$1,385.15	$858.63	$1,824.10	$123.86	$1,490.21	$1,122.11	$0.00	$39,508.77
2025-07-07	$9,021.70	$975.98	$1,343.55	$21,954.67	$22,939.31	$96,727.80	$6,582.05	$0.00	$18,708.54	$1,353.42	$0.00	$3,393.64	$4,262.55	$507.78	$1,366.08	$814.50	$1,774.81	$111.96	$1,544.27	$1,094.67	$0.00	$39,508.77
2025-07-06	$9,021.70	$975.98	$1,343.55	$21,954.67	$22,939.31	$96,727.80	$6,582.05	$0.00	$18,708.54	$1,353.42	$0.00	$3,393.64	$4,262.55	$507.78	$1,366.08	$814.50	$1,774.81	$111.96	$1,544.27	$1,094.67	$0.00	$39,508.77
2025-07-05	$8,945.51	$971.12	$1,349.24	$22,379.25	$22,893.89	$96,185.82	$6,498.98	$0.00	$18,707.36	$1,351.04	$0.00	$3,385.94	$4,237.66	$509.15	$1,353.38	$817.99	$1,788.45	$111.25	$1,528.94	$1,094.53	$0.00	$39,501.75
2025-07-04	$9,060.57	$990.54	$1,362.53	$22,679.31	$23,058.46	$96,771.64	$6,613.69	$0.00	$18,942.76	$1,509.92	$0.00	$3,432.12	$4,297.69	$511.55	$1,391.50	$831.92	$1,820.69	$110.69	$1,582.19	$1,110.60	$0.00	$39,501.75
2025-07-03	$9,287.59	$1,019.68	$1,385.30	$23,304.09	$23,046.23	$95,802.69	$6,799.61	$0.00	$19,114.39	$1,550.31	$0.00	$3,524.46	$4,418.24	$518.74	$1,448.68	$845.27	$1,939.73	$112.67	$1,691.11	$1,125.87	$0.00	$40,431.39
2025-07-02	$8,730.93	$975.98	$1,335.96	$21,793.28	$22,960.63	$94,582.14	$6,380.32	$0.00	$17,933.69	$1,462.05	$0.00	$3,355.16	$4,122.00	$496.48	$1,359.73	$819.15	$1,339.52	$106.19	$1,585.42	$1,095.71	$0.00	$40,379.77
2025-07-01	$8,580.10	$975.98	$1,332.16	$21,582.18	$22,740.86	$93,769.79	$6,317.03	$0.00	$17,897.79	$1,446.78	$0.00	$3,352.60	$4,161.53	$491.00	$1,327.96	$809.86	$1,381.56	$106.65	$1,533.78	$1,092.31	$0.00	$40,379.77
2025-06-30	$8,777.58	$1,000.25	$1,353.04	$21,418.45	$22,866.29	$93,442.41	$6,526.67	$0.00	$17,785.67	$1,322.09	$0.00	$3,391.08	$4,176.66	$510.18	$1,385.15	$831.34	$1,447.98	$116.96	$1,562.02	$1,109.79	$0.00	$42,170.31
2025-06-29	$8,782.24	$975.98	$1,366.32	$21,300.18	$22,729.68	$93,869.97	$6,502.94	$0.00	$17,731.86	$1,376.32	$0.00	$3,442.38	$4,228.39	$507.09	$1,366.08	$864.43	$1,435.68	$116.96	$1,487.79	$1,115.91	$0.00	$42,170.31
2025-06-28	$8,772.91	$975.98	$1,362.53	$21,134.61	$22,589.22	$93,104.17	$6,455.47	$0.00	$17,594.13	$1,372.98	$0.00	$3,411.60	$4,239.62	$504.70	$1,359.73	$866.17	$1,427.18	$116.96	$1,562.83	$1,100.57	$0.00	$42,170.31
2025-06-27	$8,566.11	$944.41	$1,356.83	$20,566.92	$22,550.78	$92,576.88	$6,297.25	$0.00	$17,520.90	$1,330.68	$0.00	$3,319.25	$4,088.32	$492.03	$1,315.25	$859.21	$1,386.26	$116.96	$1,566.06	$1,050.87	$0.00	$42,170.31
2025-06-26	$8,758.92	$963.84	$1,377.71	$20,590.57	$22,535.06	$93,124.12	$6,392.18	$0.00	$17,704.13	$1,359.15	$0.00	$3,383.38	$4,145.91	$502.99	$1,327.96	$867.91	$1,421.81	$117.05	$1,607.20	$1,060.38	$0.00	$42,170.31
2025-06-25	$8,999.93	$983.26	$1,387.20	$21,305.65	$22,603.54	$92,902.60	$6,550.41	$0.00	$17,062.77	$1,395.89	$0.00	$3,393.64	$4,146.89	$509.49	$1,385.15	$899.26	$1,440.82	$123.63	$1,630.60	$1,081.77	$0.00	$42,681.37
2025-06-24	$9,060.57	$985.69	$1,411.86	$21,403.56	$22,352.68	$90,935.70	$6,435.69	$0.00	$16,997.18	$1,446.62	$0.00	$3,385.94	$4,107.85	$503.67	$1,378.79	$949.77	$1,432.10	$117.92	$1,672.56	$1,063.18	$0.00	$42,677.36
2025-06-23	$8,477.48	$927.42	$1,324.57	$20,078.14	$21,642.00	$85,785.77	$6,071.78	$0.00	$15,858.26	$1,297.92	$0.00	$3,060.18	$3,975.10	$467.03	$1,232.65	$905.65	$1,330.57	$114.08	$1,377.26	$995.11	$0.00	$55,636.67
2025-06-22	$8,472.81	$910.43	$1,311.29	$19,617.25	$21,991.75	$86,808.66	$6,150.89	$0.00	$15,963.40	$1,370.60	$0.00	$3,047.35	$3,946.30	$472.51	$1,213.59	$932.36	$1,318.72	$128.52	$1,508.77	$982.06	$0.00	$55,636.67
2025-06-21	$9,091.67	$958.98	$1,396.68	$20,810.83	$22,452.26	$87,854.37	$6,463.38	$0.00	$17,141.05	$1,495.13	$0.00	$3,255.12	$4,062.46	$516.34	$1,321.61	$997.96	$1,419.80	$128.52	$1,649.16	$1,050.35	$0.00	$55,636.67
2025-06-20	$9,111.89	$966.26	$1,423.25	$21,059.00	$22,506.41	$87,087.80	$6,593.92	$0.00	$17,507.83	$1,502.92	$0.00	$3,303.86	$4,099.06	$530.38	$1,353.38	$1,002.02	$1,435.45	$128.52	$1,637.06	$1,063.55	$0.00	$56,626.12
2025-06-19	$9,301.59	$973.55	$1,366.32	$22,169.67	$22,452.60	$84,932.44	$6,700.72	$0.00	$16,616.49	$1,557.63	$0.00	$3,347.47	$4,155.67	$535.86	$1,378.79	$988.67	$1,449.10	$128.52	$1,640.28	$1,068.27	$0.00	$59,630.70
2025-06-18	$9,411.99	$966.26	$1,368.22	$22,888.16	$22,503.97	$83,022.89	$6,661.16	$0.00	$16,056.39	$1,633.33	$0.00	$3,288.47	$4,122.00	$532.77	$1,347.02	$982.86	$1,481.07	$128.52	$1,546.69	$1,076.83	$0.00	$62,451.51
2025-06-17	$9,698.09	$990.54	$1,409.97	$21,395.49	$22,845.33	$81,556.99	$6,799.61	$0.00	$15,345.29	$1,744.66	$0.00	$3,403.90	$4,161.53	$550.92	$1,397.85	$1,011.31	$1,548.16	$145.39	$1,673.36	$1,113.63	$0.00	$67,278.31
2025-06-16	$10,116.37	$1,034.24	$1,472.59	$22,308.66	$22,984.04	$81,876.10	$7,040.89	$0.00	$15,858.07	$1,908.47	$0.00	$3,544.98	$4,302.09	$573.86	$1,493.16	$1,049.63	$1,600.94	$145.39	$1,778.25	$1,157.95	$0.00	$68,279.66
2025-06-15	$9,752.52	$990.54	$1,413.76	$21,418.12	$22,680.76	$80,052.48	$6,898.49	$0.00	$15,144.32	$1,716.03	$0.00	$3,360.29	$4,170.80	$557.43	$1,404.21	$1,020.60	$1,604.52	$145.39	$1,796.00	$1,080.81	$0.00	$68,282.00
2025-06-14	$9,866.03	$1,002.68	$1,432.74	$20,046.26	$22,657.70	$78,238.72	$7,036.94	$0.00	$14,473.45	$1,708.08	$0.00	$3,365.42	$4,213.26	$567.36	$1,416.92	$1,027.56	$1,617.04	$145.39	$1,845.22	$1,072.84	$0.00	$71,531.01
2025-06-13	$9,940.66	$1,002.68	$1,398.58	$14,820.99	$22,815.28	$79,589.66	$7,044.85	$0.00	$17,335.93	$1,714.44	$0.00	$3,450.07	$4,122.97	$542.02	$1,423.27	$1,024.66	$1,615.03	$145.39	$1,858.13	$1,084.35	$0.00	$72,502.34
2025-06-12	$10,638.83	$1,070.66	$1,502.95	$16,192.74	$23,174.46	$80,661.60	$7,440.41	$0.00	$18,624.90	$1,828.95	$0.00	$3,675.80	$4,337.22	$585.50	$1,575.76	$1,097.23	$1,737.57	$145.39	$2,041.28	$1,169.90	$0.00	$72,502.34
2025-06-11	$11,097.53	$1,094.94	$1,540.91	$16,828.80	$23,303.04	$81,816.07	$7,871.56	$0.00	$18,785.71	$1,797.14	$0.00	$3,886.14	$4,442.64	$608.10	$1,652.01	$1,169.22	$1,838.20	$145.39	$2,188.12	$1,211.49	$0.00	$73,008.51
2025-06-10	$11,030.67	$1,107.08	$1,561.78	$17,148.38	$20,811.91	$86,805.99	$3,176.54	$0.00	$22,029.62	$1,692.17	$0.00	$3,922.05	$4,512.43	$621.11	$1,677.42	$1,242.37	$1,878.01	$145.39	$2,135.68	$1,183.76	$0.00	$69,984.58
2025-06-09	$10,489.55	$1,046.38	$1,520.03	$15,945.39	$20,490.79	$85,338.45	$3,005.36	$0.00	$20,240.90	$1,679.45	$0.00	$3,562.94	$4,350.89	$583.79	$1,569.41	$1,162.83	$1,779.39	$132.96	$2,022.72	$1,144.75	$0.00	$44,994.64
2025-06-08	$10,344.95	$1,034.24	$1,493.46	$16,121.38	$20,315.56	$82,719.23	$2,960.14	$0.00	$19,514.29	$1,668.32	$0.00	$3,521.90	$4,258.16	$569.41	$1,531.29	$1,144.25	$1,754.79	$138.24	$2,029.98	$1,102.20	$0.00	$47,500.75
2025-06-07	$10,405.59	$1,043.95	$1,485.87	$16,579.06	$20,254.02	$82,419.27	$3,006.97	$0.00	$19,406.03	$1,685.81	$0.00	$3,593.72	$4,321.61	$570.10	$1,543.99	$1,154.12	$1,770.22	$138.52	$2,182.47	$1,117.46	$0.00	$47,505.01
2025-06-06	$10,167.68	$1,009.96	$901.27	$11,757.92	$20,216.22	$85,113.86	$2,874.55	$0.00	$18,952.15	$1,628.56	$0.00	$3,393.64	$4,137.62	$559.82	$1,461.39	$1,147.74	$1,721.02	$137.62	$2,046.12	$1,103.82	$0.00	$47,234.62
2025-06-05	$10,579.74	$1,041.53	$963.43	$12,324.84	$22,378.10	$70,444.76	$3,058.65	$0.00	$19,679.26	$1,731.93	$0.00	$3,529.59	$4,283.54	$581.05	$967.00	$1,198.24	$1,759.27	$141.80	$2,175.21	$1,124.25	$0.00	$40,018.33
2025-06-04	$10,741.45	$1,058.52	$974.19	$12,838.98	$22,520.35	$67,644.74	$3,113.56	$0.00	$19,805.74	$1,644.46	$0.00	$3,627.07	$4,389.93	$592.69	$982.73	$1,227.85	$1,764.86	$143.72	$2,319.63	$1,148.66	$0.00	$40,018.33
2025-06-03	$10,738.34	$1,077.94	$0.00	$12,973.47	$22,395.63	$67,876.64	$3,157.16	$0.00	$18,584.48	$1,696.95	$0.00	$3,616.80	$4,343.57	$606.39	$0.00	$1,259.20	$1,798.85	$147.11	$2,347.07	$1,187.60	$0.00	$40,018.33
2025-06-02	$10,369.82	$1,041.53	$0.00	$12,422.93	$21,982.28	$67,083.68	$3,063.49	$0.00	$20,130.51	$1,589.75	$0.00	$3,511.64	$4,293.30	$579.68	$0.00	$1,230.76	$1,758.82	$141.52	$2,034.02	$1,134.42	$0.00	$40,018.33
2025-06-01	$10,315.40	$1,043.95	$0.00	$12,472.03	$20,316.18	$62,244.12	$2,558.08	$0.00	$17,782.48	$1,463.32	$0.00	$3,539.85	$4,237.18	$580.71	$0.00	$1,244.69	$1,803.99	$143.69	$1,973.50	$1,121.30	$0.00	$41,950.01
2025-05-31	$10,515.99	$1,048.81	$0.00	$12,606.29	$20,472.21	$62,247.11	$2,601.34	$0.00	$18,041.96	$1,420.85	$0.00	$2,973.74	$3,701.73	$573.52	$0.00	$1,211.02	$1,662.44	$139.94	$2,036.44	$1,144.82	$0.00	$41,950.01
2025-05-30	$10,999.57	$1,077.94	$0.00	$13,285.15	$20,892.25	$63,190.98	$2,767.64	$0.00	$18,606.35	$1,499.90	$0.00	$3,106.57	$3,849.24	$611.53	$0.00	$1,261.52	$1,772.91	$148.67	$2,297.85	$1,205.37	$0.00	$41,950.01
2025-05-29	$11,459.83	$1,155.63	$0.00	$13,940.03	$21,181.20	$63,936.99	$2,969.10	$0.00	$18,841.05	$1,622.20	$0.00	$3,292.96	$4,068.37	$648.16	$0.00	$1,327.71	$1,839.77	$158.11	$2,441.46	$1,249.18	$0.00	$41,950.01
2025-05-28	$11,794.14	$1,170.20	$0.00	$14,405.61	$21,431.85	$64,052.40	$3,019.12	$0.00	$18,990.37	$1,531.55	$0.00	$3,421.51	$4,131.89	$669.39	$0.00	$1,370.09	$1,903.50	$162.88	$2,493.91	$1,284.80	$0.00	$44,949.38
2025-05-27	$11,972.96	$1,196.91	$0.00	$14,515.36	$21,346.54	$64,945.54	$3,127.29	$0.00	$18,997.13	$1,574.49	$0.00	$3,436.51	$4,116.54	$684.80	$0.00	$1,393.31	$1,896.79	$161.07	$2,563.62	$1,317.84	$0.00	$44,949.38
2025-05-26	$11,972.96	$1,179.91	$0.00	$14,454.18	$21,008.39	$64,605.47	$3,055.63	$0.00	$18,265.91	$1,558.58	$0.00	$3,363.66	$4,137.01	$650.56	$0.00	$1,393.31	$1,864.37	$158.25	$2,601.87	$1,310.10	$0.00	$44,948.80
2025-05-25	$7,153.70	$1,131.35	$0.00	$13,713.51	$20,660.90	$72,119.46	$2,975.86	$0.00	$16,879.74	$1,494.97	$0.00	$3,252.26	$4,040.23	$650.56	$0.00	$1,335.25	$1,811.82	$152.60	$1,064.80	$420.42	$0.00	$43,985.50
2025-05-24	$7,347.05	$1,167.77	$0.00	$14,185.01	$21,013.69	$73,481.41	$3,089.43	$0.00	$17,214.52	$1,574.49	$0.00	$3,372.23	$4,138.71	$650.56	$0.00	$1,393.31	$1,888.30	$158.25	$1,131.34	$431.26	$0.00	$43,985.13
2025-05-23	$7,637.06	$1,243.03	$0.00	$15,151.20	$22,684.16	$73,611.75	$3,204.36	$0.00	$16,839.13	$1,638.10	$0.00	$1,770.40	$4,239.32	$684.80	$0.00	$1,451.36	$1,972.16	$163.90	$1,168.01	$443.79	$0.00	$40,933.63
2025-05-22	$6,900.13	$1,238.18	$0.00	$15,377.63	$24,472.11	$73,908.06	$3,380.49	$0.00	$17,076.60	$1,669.91	$0.00	$1,788.78	$4,197.54	$684.80	$0.00	$1,451.36	$2,003.24	$166.72	$0.00	$434.95	$0.00	$38,877.50
2025-05-21	$6,468.88	$1,192.05	$0.00	$13,884.95	$23,294.78	$82,168.39	$3,178.08	$0.00	$16,853.64	$1,542.68	$4,091.18	$1,695.77	$4,050.04	$432.22	$0.00	$1,395.56	$1,872.87	$373.02	$0.00	$412.41	$0.00	$35,320.06
2025-05-20	$6,296.37	$1,145.92	$0.00	$13,590.59	$23,007.58	$81,163.54	$3,096.55	$0.00	$16,522.01	$1,494.97	$3,587.65	$1,679.55	$4,000.16	$432.22	$0.00	$1,395.56	$1,845.14	$359.45	$0.00	$407.01	$0.00	$34,585.41
2025-05-19	$6,210.12	$1,121.64	$0.00	$13,227.93	$22,765.34	$79,065.09	$3,033.30	$0.00	$15,970.29	$1,479.06	$3,147.06	$1,634.13	$4,062.40	$409.47	$0.00	$1,337.42	$1,823.00	$359.45	$0.00	$393.02	$0.00	$34,585.41
2025-05-18	$6,555.13	$1,170.20	$0.00	$14,075.68	$23,007.94	$80,133.99	$3,128.88	$0.00	$16,657.57	$1,574.49	$3,398.83	$1,691.45	$4,187.31	$432.22	$0.00	$1,395.56	$1,909.09	$359.45	$0.00	$417.02	$0.00	$34,585.41
2025-05-17	$3,586.98	$1,162.92	$0.00	$13,989.24	$22,896.98	$80,406.64	$3,030.49	$0.00	$17,020.10	$1,590.39	$3,147.06	$1,656.84	$4,212.46	$432.22	$0.00	$1,337.42	$1,875.77	$359.45	$0.00	$771.97	$0.00	$36,083.06
2025-05-16	$3,681.37	$1,199.33	$0.00	$14,585.29	$23,326.53	$80,922.67	$3,192.13	$0.00	$17,857.77	$1,638.10	$3,335.89	$1,761.74	$4,316.91	$454.96	$0.00	$1,395.56	$1,956.50	$386.58	$0.00	$796.88	$0.00	$35,982.49
2025-05-15	$3,634.18	$1,187.19	$0.00	$14,102.05	$24,345.50	$78,680.16	$4,243.02	$0.00	$18,254.94	$1,654.01	$3,084.12	$1,238.51	$3,704.14	$619.28	$0.00	$1,395.56	$1,960.53	$273.86	$0.00	$791.49	$0.00	$35,644.21
2025-05-14	$3,917.36	$1,255.17	$0.00	$15,208.31	$24,440.41	$79,754.60	$4,425.55	$0.00	$18,693.39	$1,781.24	$2,580.59	$1,294.63	$3,860.72	$681.21	$0.00	$1,511.86	$2,125.56	$283.65	$0.00	$834.69	$0.00	$35,555.33
2025-05-13	$1,869.01	$1,247.89	$0.00	$14,461.50	$25,122.82	$77,938.04	$5,252.36	$0.00	$20,146.16	$1,669.91	$2,643.53	$1,265.81	$3,362.32	$650.25	$0.00	$1,511.86	$2,096.27	$283.65	$0.00	$1,761.65	$0.00	$33,503.19
2025-05-12	$1,962.46	$1,294.02	$0.00	$14,863.40	$26,499.24	$77,706.48	$5,566.58	$0.00	$21,458.17	$1,717.62	$3,084.12	$1,314.35	$3,351.20	$681.21	$0.00	$1,570.01	$2,159.78	$298.32	$0.00	$1,769.13	$0.00	$33,084.55
2025-05-11	$1,869.01	$1,274.60	$0.00	$14,639.35	$25,294.68	$78,215.76	$5,367.04	$0.00	$21,242.75	$1,654.01	$2,769.42	$1,262.02	$3,314.58	$681.21	$0.00	$1,570.01	$2,137.86	$293.43	$0.00	$1,758.02	$0.00	$33,084.55
2025-05-10	$3,014.78	$1,274.60	$0.00	$14,875.23	$24,974.83	$74,140.20	$11,041.03	$0.00	$21,825.94	$672.06	$2,706.48	$1,284.77	$3,394.68	$681.21	$0.00	$1,511.86	$2,160.45	$293.43	$0.00	$1,793.68	$0.00	$27,112.80
2025-05-09	$2,940.34	$1,189.62	$0.00	$14,859.81	$20,328.95	$73,303.42	$9,383.73	$352.67	$20,122.68	$646.93	$2,832.36	$97.20	$3,219.77	$619.28	$0.00	$1,453.71	$2,007.94	$264.08	$0.00	$1,727.71	$0.00	$25,950.46
2025-05-08	$2,679.80	$1,056.09	$0.00	$14,137.56	$22,159.48	$68,120.25	$9,293.76	$1,664.48	$18,530.46	$596.69	$2,202.95	$2,871.43	$3,715.11	$557.35	$0.00	$1,337.42	$1,792.59	$229.85	$0.00	$1,566.08	$0.00	$23,115.96
2025-05-07	$2,530.93	$1,005.11	$0.00	$13,405.08	$19,539.21	$67,461.24	$9,229.55	$1,561.93	$18,952.40	$577.84	$1,825.30	$2,664.95	$3,670.35	$526.39	$0.00	$1,279.27	$1,739.36	$220.07	$0.00	$1,487.49	$0.00	$21,576.69
2025-05-06	$2,419.27	$978.40	$0.00	$13,323.18	$19,107.04	$65,325.11	$8,861.44	$1,526.43	$18,375.69	$552.72	$1,888.24	$2,572.32	$3,302.18	$495.43	$0.00	$1,221.12	$1,723.04	$210.29	$0.00	$1,444.15	$0.00	$21,576.59
2025-05-05	$2,493.71	$990.54	$0.00	$13,316.34	$19,137.22	$65,617.15	$9,122.85	$1,550.09	$18,694.94	$565.28	$2,014.12	$2,657.23	$3,559.05	$526.39	$0.00	$1,221.12	$1,739.81	$215.18	$0.00	$1,461.43	$0.00	$21,576.50
2025-05-04	$2,568.15	$1,005.11	$0.00	$12,085.68	$13,078.11	$71,282.36	$8,730.50	$1,561.93	$21,891.63	$584.12	$2,202.95	$2,715.12	$4,506.72	$526.39	$0.00	$1,279.27	$1,780.96	$210.29	$0.00	$1,471.63	$0.00	$19,664.12
2025-05-03	$2,605.37	$1,022.10	$0.00	$11,648.88	$13,220.51	$71,582.52	$8,785.63	$1,581.65	$22,643.29	$590.40	$2,202.95	$2,738.28	$4,499.92	$526.39	$0.00	$1,279.27	$1,792.81	$220.07	$0.00	$1,479.81	$0.00	$19,718.78
2025-05-02	$2,642.58	$1,075.52	$0.00	$12,120.74	$13,188.33	$72,995.84	$9,081.32	$1,648.70	$22,117.64	$596.69	$1,951.18	$2,815.47	$4,643.81	$557.35	$0.00	$1,337.42	$1,893.89	$229.85	$0.00	$1,518.00	$0.00	$19,718.63
2025-05-01	$2,605.37	$1,065.80	$0.00	$12,109.48	$13,298.11	$72,386.18	$8,920.95	$1,640.81	$22,149.96	$596.69	$1,888.24	$2,865.64	$4,526.60	$557.35	$0.00	$1,395.56	$1,898.81	$229.85	$0.00	$1,530.52	$0.00	$19,718.63
2025-04-30	$2,605.37	$1,070.66	$0.00	$12,308.82	$13,275.40	$71,629.01	$8,810.69	$1,636.87	$21,891.59	$602.97	$1,825.30	$2,821.25	$4,451.78	$588.32	$0.00	$1,395.56	$1,918.49	$215.18	$0.00	$1,494.06	$0.00	$19,718.63
2025-04-29	$2,642.58	$1,080.37	$0.00	$12,524.69	$13,291.27	$71,486.76	$8,930.97	$1,664.48	$22,067.34	$653.21	$1,762.36	$2,888.80	$4,469.05	$557.35	$0.00	$1,337.42	$1,915.36	$215.18	$0.00	$1,498.70	$0.00	$19,557.23
2025-04-28	$2,679.80	$1,080.37	$0.00	$12,604.24	$13,381.87	$71,756.96	$9,076.31	$1,664.48	$21,839.00	$659.49	$1,699.41	$2,875.29	$4,558.52	$588.32	$0.00	$1,453.71	$1,968.13	$215.18	$0.00	$1,527.19	$0.00	$19,557.23
2025-04-27	$2,568.15	$1,087.65	$0.00	$13,208.66	$13,225.14	$71,715.43	$9,031.20	$1,621.09	$22,686.60	$602.97	$1,636.47	$2,805.82	$4,499.40	$557.35	$0.00	$1,453.71	$1,494.13	$210.29	$0.00	$1,493.96	$0.00	$22,558.37
2025-04-26	$2,642.58	$1,114.36	$0.00	$13,071.07	$13,307.81	$71,891.88	$9,086.33	$1,668.42	$22,521.78	$596.69	$1,636.47	$2,852.13	$4,491.02	$588.32	$0.00	$1,453.71	$1,487.71	$224.96	$0.00	$1,501.94	$0.00	$22,477.24
2025-04-25	$2,642.58	$1,097.37	$0.00	$13,340.53	$13,312.21	$72,101.94	$9,041.23	$1,676.31	$22,284.16	$590.40	$1,510.59	$2,883.01	$4,474.28	$557.35	$0.00	$1,395.56	$1,504.60	$215.18	$0.00	$1,549.82	$0.00	$22,477.24
2025-04-24	$2,568.15	$1,058.52	$0.00	$13,130.66	$13,161.43	$70,664.36	$8,680.38	$1,573.76	$22,007.20	$571.56	$1,510.59	$2,778.80	$4,262.37	$557.35	$0.00	$1,395.56	$1,480.45	$215.18	$0.00	$1,487.39	$0.00	$22,477.24
2025-04-23	$2,605.37	$1,065.80	$0.00	$13,615.38	$13,489.23	$71,576.41	$9,176.55	$1,628.98	$22,762.79	$590.40	$1,573.53	$2,904.23	$4,415.68	$557.35	$0.00	$1,395.56	$1,528.74	$205.40	$0.00	$1,537.39	$0.00	$22,477.24
2025-04-22	$2,382.05	$1,000.25	$0.00	$12,209.66	$13,360.93	$67,823.02	$8,244.36	$1,490.93	$20,557.92	$527.60	$1,510.59	$2,597.41	$4,183.35	$526.39	$0.00	$1,279.27	$1,493.62	$171.17	$0.00	$1,419.81	$0.00	$22,476.55
2025-04-21	$2,382.05	$1,036.67	$0.00	$12,317.31	$13,271.65	$66,708.53	$8,109.04	$1,542.20	$20,505.56	$540.16	$1,573.53	$2,593.55	$4,206.38	$526.39	$0.00	$1,279.27	$1,430.81	$195.62	$0.00	$1,403.14	$0.00	$22,476.55
2025-04-20	$2,307.61	$1,005.11	$0.00	$13,213.63	$9,699.98	$67,067.67	$7,701.14	$485.65	$19,905.63	$515.03	$1,510.59	$3,486.97	$4,503.24	$495.43	$0.00	$1,279.27	$1,392.99	$190.73	$0.00	$1,380.51	$0.00	$15,847.88
2025-04-19	$2,344.83	$1,007.54	$0.00	$13,322.94	$9,709.18	$67,861.69	$7,932.07	$474.23	$20,186.96	$515.03	$1,510.59	$3,435.77	$4,515.72	$495.43	$0.00	$1,221.12	$1,368.00	$185.84	$0.00	$1,401.73	$0.00	$15,847.88
2025-04-18	$2,307.61	$1,014.82	$0.00	$13,056.56	$9,721.83	$67,398.18	$7,831.67	$472.97	$20,142.70	$515.03	$1,510.59	$3,381.88	$4,506.21	$495.43	$0.00	$1,221.12	$1,369.52	$180.95	$0.00	$1,362.53	$0.00	$15,847.88
2025-04-17	$2,307.61	$995.40	$0.00	$13,193.11	$9,643.95	$67,524.01	$7,871.83	$460.29	$20,227.29	$515.03	$1,510.59	$3,368.40	$4,480.66	$495.43	$0.00	$1,221.12	$1,327.31	$185.84	$0.00	$1,354.96	$0.00	$15,847.88
2025-04-16	$2,270.39	$973.55	$0.00	$14,528.27	$9,536.83	$66,880.89	$7,696.12	$446.34	$19,894.94	$489.91	$1,447.65	$3,274.09	$4,401.64	$464.46	$0.00	$1,221.12	$932.38	$185.84	$0.00	$1,267.88	$0.00	$14,039.62
2025-04-15	$2,382.05	$1,009.96	$0.00	$15,482.03	$9,690.12	$68,701.47	$8,077.66	$470.43	$20,845.98	$540.16	$1,510.59	$3,443.86	$4,628.02	$495.43	$0.00	$1,279.27	$970.24	$180.95	$0.00	$1,350.71	$0.00	$14,038.75
2025-04-14	$2,419.27	$1,022.10	$0.00	$15,704.52	$9,716.57	$67,599.56	$8,318.63	$478.04	$21,101.17	$546.44	$1,573.53	$3,540.87	$4,668.42	$495.43	$0.00	$1,279.27	$984.65	$180.95	$0.00	$1,343.44	$0.00	$14,038.75
2025-04-13	$2,419.27	$1,026.96	$0.00	$15,304.80	$9,646.58	$67,190.83	$8,263.41	$471.70	$20,234.10	$533.88	$1,573.53	$3,457.33	$4,673.77	$495.43	$0.00	$1,279.27	$970.24	$176.06	$0.00	$1,308.49	$0.00	$14,038.08
2025-04-12	$2,382.05	$1,019.68	$0.00	$14,728.22	$9,697.02	$66,653.02	$8,142.92	$456.48	$20,151.27	$502.47	$1,636.47	$3,441.16	$4,535.92	$495.43	$0.00	$1,279.27	$955.46	$171.17	$0.00	$1,262.02	$0.00	$14,038.08
2025-04-11	$2,344.83	$1,039.10	$0.00	$14,935.57	$9,682.07	$60,796.56	$8,047.54	$453.95	$19,834.71	$496.19	$1,636.47	$3,430.38	$4,568.00	$495.43	$0.00	$1,279.27	$959.37	$180.95	$0.00	$1,220.00	$0.00	$14,037.76
2025-04-10	$2,307.61	$1,073.09	$0.00	$13,997.26	$9,461.58	$58,481.15	$7,876.85	$448.87	$20,257.46	$496.19	$1,636.47	$3,363.01	$4,390.94	$495.43	$0.00	$1,279.27	$930.43	$185.84	$0.00	$1,156.45	$0.00	$25,242.53
2025-04-09	$2,084.29	$1,022.10	$0.00	$12,428.23	$9,045.72	$54,317.84	$7,229.23	$428.59	$18,336.18	$464.79	$1,510.59	$3,010.01	$4,159.81	$464.46	$0.00	$1,162.97	$843.97	$171.17	$0.00	$1,047.15	$0.00	$25,242.53
2025-04-08	$2,233.17	$1,053.67	$0.00	$13,304.72	$9,248.64	$56,847.50	$7,751.34	$460.29	$19,828.15	$502.47	$1,636.47	$3,142.05	$4,315.48	$464.46	$0.00	$1,279.27	$864.85	$176.06	$0.00	$1,109.08	$0.00	$25,242.53
2025-04-07	$2,121.51	$1,063.38	$0.00	$12,574.23	$9,081.54	$55,866.60	$7,389.88	$455.21	$19,674.23	$483.63	$1,510.59	$3,045.04	$4,173.47	$464.46	$0.00	$1,221.12	$854.96	$185.84	$0.00	$1,073.62	$0.00	$25,242.53
2025-04-06	$2,382.05	$1,145.92	$0.00	$13,189.77	$9,662.03	$59,081.11	$8,243.33	$498.33	$22,585.43	$540.16	$1,888.24	$3,395.35	$4,825.28	$526.39	$0.00	$1,337.42	$892.08	$195.62	$0.00	$1,195.04	$0.00	$25,242.53
2025-04-05	$2,456.49	$1,199.33	$0.00	$14,012.49	$9,802.51	$59,507.71	$8,534.51	$504.67	$22,810.82	$565.28	$1,699.41	$3,470.80	$4,960.16	$526.39	$0.00	$1,395.56	$891.84	$205.40	$0.00	$1,213.83	$0.00	$25,242.53
2025-04-04	$2,382.05	$1,179.91	$0.00	$13,965.80	$9,716.41	$59,245.90	$8,318.63	$516.08	$22,628.11	$546.44	$1,573.53	$3,414.21	$4,947.68	$526.39	$0.00	$1,395.56	$862.41	$200.51	$0.00	$1,170.80	$0.00	$25,242.53
2025-04-03	$2,419.27	$1,124.07	$0.00	$13,912.40	$9,696.86	$58,820.01	$8,002.36	$512.27	$22,728.62	$559.00	$1,510.59	$3,441.16	$4,916.78	$526.39	$0.00	$1,395.56	$862.04	$200.51	$0.00	$1,174.84	$0.00	$25,242.53
2025-04-02	$2,382.05	$1,022.10	$0.00	$13,850.99	$9,691.76	$58,872.80	$8,243.33	$503.40	$22,674.45	$559.00	$1,636.47	$3,489.67	$4,862.12	$557.35	$0.00	$1,395.56	$867.42	$210.29	$0.00	$1,192.92	$0.00	$25,242.53
2025-04-01	$2,530.93	$1,085.23	$0.00	$14,981.07	$10,076.40	$59,978.55	$8,594.75	$532.56	$23,574.35	$584.12	$1,699.41	$3,772.61	$5,018.98	$588.32	$0.00	$1,511.86	$935.92	$224.96	$0.00	$1,290.20	$0.00	$25,242.53
2025-03-31	$2,382.05	$1,036.67	$0.00	$14,319.94	$9,781.47	$58,533.23	$8,193.13	$509.74	$22,880.14	$577.84	$1,636.47	$3,554.34	$4,872.22	$588.32	$0.00	$1,511.86	$912.60	$220.07	$0.00	$1,252.42	$0.00	$25,242.53
2025-03-30	$2,530.93	$1,051.24	$0.00	$15,434.70	$9,945.28	$57,872.15	$8,549.57	$521.15	$23,702.96	$621.81	$1,699.41	$3,705.24	$5,118.21	$588.32	$0.00	$1,570.01	$960.59	$224.96	$0.00	$1,265.55	$0.00	$26,741.13
2025-03-29	$2,493.71	$1,073.09	$0.00	$16,038.56	$9,921.30	$55,377.59	$8,574.67	$518.61	$23,923.14	$609.25	$1,699.41	$3,697.16	$5,127.12	$588.32	$0.00	$1,511.86	$956.81	$220.07	$0.00	$1,271.01	$0.00	$27,620.38
2025-03-28	$2,605.37	$1,116.79	$0.00	$16,229.81	$10,346.02	$57,179.51	$9,096.78	$540.17	$24,380.01	$646.93	$1,825.30	$3,848.06	$5,213.28	$588.32	$0.00	$1,628.16	$982.33	$229.85	$0.00	$1,325.36	$0.00	$27,617.22
2025-03-27	$2,717.02	$1,160.49	$0.00	$17,390.54	$10,361.30	$58,395.56	$9,729.34	$579.48	$26,040.20	$678.34	$1,888.24	$4,174.13	$5,585.23	$650.25	$0.00	$1,744.46	$1,054.63	$249.41	$0.00	$1,389.91	$0.00	$27,617.22
2025-03-26	$2,791.46	$1,196.91	$0.00	$17,736.39	$10,282.60	$57,341.97	$9,970.31	$592.16	$26,187.63	$703.46	$1,888.24	$4,195.68	$5,589.39	$650.25	$0.00	$1,744.62	$1,089.06	$259.19	$0.00	$1,428.50	$0.00	$28,496.41
2025-03-25	$2,828.68	$1,177.48	$0.00	$17,824.95	$10,406.48	$56,822.36	$9,443.18	$593.43	$26,621.67	$709.74	$1,951.18	$4,136.40	$5,554.33	$650.25	$0.00	$1,744.62	$1,087.72	$259.19	$0.00	$1,471.02	$0.00	$29,505.51
2025-03-24	$2,717.02	$1,177.48	$0.00	$17,340.11	$10,303.14	$55,862.59	$8,885.93	$594.69	$26,891.26	$697.18	$1,888.24	$4,087.89	$5,555.52	$681.21	$0.00	$1,744.62	$1,071.97	$264.08	$0.00	$1,456.78	$0.00	$32,374.34
2025-03-23	$2,642.58	$1,160.49	$0.00	$15,487.35	$10,246.95	$53,045.78	$8,579.69	$566.80	$25,939.33	$672.06	$1,888.24	$3,866.93	$5,471.15	$650.25	$0.00	$1,744.62	$992.47	$268.97	$0.00	$1,345.66	$0.00	$45,370.51
2025-03-22	$2,642.58	$1,162.92	$0.00	$15,344.81	$10,314.64	$51,630.12	$8,439.12	$566.80	$25,645.37	$690.90	$1,888.24	$3,834.59	$5,410.54	$650.25	$0.00	$1,686.47	$989.05	$259.19	$0.00	$1,308.18	$0.00	$47,472.82
2025-03-21	$2,642.58	$1,099.79	$0.00	$14,865.08	$10,580.38	$47,679.72	$6,957.20	$561.73	$27,230.55	$703.46	$1,825.30	$3,796.86	$5,526.81	$619.28	$0.00	$1,628.31	$962.55	$268.97	$0.00	$1,278.99	$0.00	$50,555.40
2025-03-20	$2,717.02	$1,124.07	$0.00	$15,546.83	$10,376.17	$46,161.21	$7,098.00	$557.92	$27,965.26	$709.74	$1,888.24	$3,915.43	$5,413.79	$619.28	$0.00	$1,686.47	$977.08	$268.97	$0.00	$1,315.15	$0.00	$51,551.88
2025-03-19	$2,754.24	$1,138.64	$0.00	$16,306.69	$10,142.85	$45,728.76	$7,151.84	$571.87	$28,612.67	$741.15	$1,951.18	$3,920.82	$5,426.21	$650.25	$0.00	$1,686.47	$1,001.87	$264.08	$0.00	$1,329.50	$0.00	$52,547.76
2025-03-18	$2,605.37	$1,158.06	$0.00	$15,522.03	$10,512.36	$43,837.02	$6,895.08	$541.44	$26,681.14	$653.21	$1,951.18	$3,705.24	$5,238.63	$619.28	$0.00	$1,686.47	$968.16	$259.19	$0.00	$1,245.96	$0.00	$53,152.15
2025-03-17	$2,679.80	$1,116.79	$0.00	$16,900.07	$13,753.36	$40,816.91	$5,506.48	$554.12	$27,909.25	$678.34	$2,140.00	$3,724.11	$5,506.10	$650.25	$0.00	$1,686.47	$951.31	$249.41	$0.00	$1,304.65	$0.00	$51,184.78
2025-03-16	$2,642.58	$1,107.08	$0.00	$17,213.03	$15,070.96	$36,771.15	$5,337.88	$532.56	$27,378.99	$665.78	$2,140.00	$3,648.65	$5,265.85	$619.28	$0.00	$1,686.47	$920.66	$244.52	$0.00	$1,314.14	$0.00	$54,974.07
2025-03-15	$2,791.46	$1,087.65	$0.00	$17,343.71	$15,141.69	$36,512.63	$5,560.56	$554.12	$28,171.53	$703.46	$2,140.00	$3,778.00	$5,541.01	$619.28	$0.00	$1,744.62	$908.94	$239.63	$0.00	$1,352.63	$0.00	$54,972.79
2025-03-14	$2,679.80	$980.83	$0.00	$18,984.65	$14,739.60	$34,899.25	$5,417.41	$522.42	$26,136.28	$684.62	$2,140.00	$3,818.42	$5,325.62	$619.28	$0.00	$1,570.16	$904.91	$249.41	$0.00	$1,300.91	$0.00	$56,825.93
2025-03-13	$2,717.02	$949.27	$0.00	$19,250.00	$14,669.88	$33,969.61	$5,407.87	$514.81	$26,104.09	$741.15	$1,951.18	$3,602.84	$5,330.35	$588.32	$0.00	$1,570.16	$914.31	$249.41	$0.00	$1,280.91	$0.00	$57,773.71
2025-03-12	$2,791.46	$946.84	$0.00	$21,573.13	$14,170.19	$32,154.96	$5,420.59	$508.47	$24,385.02	$766.27	$1,888.24	$3,640.57	$5,403.13	$588.32	$0.00	$1,512.00	$906.37	$249.41	$0.00	$1,294.24	$0.00	$56,262.46
2025-03-11	$2,642.58	$883.72	$0.00	$19,563.93	$13,804.36	$31,085.60	$5,010.23	$495.79	$24,053.55	$709.74	$1,888.24	$3,427.69	$5,154.01	$557.35	$0.00	$1,395.70	$850.69	$224.96	$0.00	$1,234.64	$0.00	$57,257.22
2025-03-10	$2,828.68	$978.40	$0.00	$22,856.23	$13,897.54	$29,042.84	$4,053.64	$0.00	$28,759.74	$778.83	$1,951.18	$2,208.28	$4,152.56	$588.32	$0.00	$1,570.16	$921.39	$254.30	$0.00	$1,314.35	$0.00	$73,742.27
2025-03-09	$2,865.90	$973.55	$0.00	$21,270.98	$11,958.50	$29,422.90	$1,869.23	$0.00	$30,535.19	$803.96	$2,014.12	$0.00	$1,875.99	$588.32	$0.00	$1,570.16	$1,812.56	$268.97	$0.00	$1,359.70	$0.00	$78,594.27
2025-03-08	$3,014.78	$1,007.54	$0.00	$21,466.42	$12,381.99	$29,026.85	$1,979.90	$0.00	$31,024.68	$841.64	$1,951.18	$0.00	$2,000.02	$619.28	$0.00	$1,628.31	$1,842.99	$283.65	$0.00	$1,392.23	$0.00	$81,583.42
2025-03-07	$3,275.32	$1,060.95	$0.00	$21,547.18	$11,407.60	$28,111.48	$0.00	$0.00	$32,206.74	$910.73	$2,014.12	$0.00	$0.00	$650.25	$0.00	$1,686.47	$1,905.89	$293.43	$0.00	$1,452.84	$0.00	$86,572.58
2025-03-06	$8,855.00	$1,065.80	$0.00	$22,049.72	$9,349.51	$26,407.34	$0.00	$0.00	$32,411.18	$973.54	$2,077.06	$0.00	$0.00	$650.25	$0.00	$1,744.62	$2,466.85	$308.10	$0.00	$0.00	$0.00	$88,504.63
2025-03-05	$9,140.65	$1,012.39	$0.00	$20,971.75	$6,249.65	$26,006.87	$0.00	$0.00	$29,120.82	$1,023.79	$2,077.06	$0.00	$0.00	$650.25	$0.00	$1,628.31	$2,326.99	$278.75	$0.00	$0.00	$0.00	$85,005.83
2025-03-04	$7,617.21	$985.69	$0.00	$20,107.41	$5,105.15	$24,419.08	$0.00	$0.00	$26,080.65	$841.64	$2,265.89	$0.00	$0.00	$619.28	$0.00	$1,570.16	$2,215.57	$293.43	$0.00	$0.00	$0.00	$95,943.00
2025-03-03	$7,902.85	$1,022.10	$0.00	$21,144.54	$2,225.87	$23,157.76	$0.00	$0.00	$24,596.45	$879.33	$2,265.89	$0.00	$0.00	$650.25	$0.00	$1,628.31	$2,339.05	$303.21	$0.00	$0.00	$0.00	$103,878.16
2025-03-02	$9,616.73	$1,162.92	$0.00	$27,194.42	$186.05	$24,992.58	$0.00	$0.00	$23,379.64	$1,055.19	$2,328.83	$0.00	$0.00	$743.14	$0.00	$1,860.93	$2,169.50	$371.67	$0.00	$0.00	$0.00	$109,855.42
2025-03-01	$5,998.55	$1,085.23	$0.00	$23,788.38	$176.88	$21,810.94	$0.00	$0.00	$20,443.56	$678.34	$2,140.00	$0.00	$0.00	$681.21	$0.00	$1,744.62	$2,021.29	$352.11	$0.00	$0.00	$0.00	$109,855.42
2025-02-28	$5,808.12	$1,053.67	$0.00	$23,553.48	$170.63	$19,956.41	$0.00	$0.00	$20,122.64	$640.65	$2,077.06	$0.00	$0.00	$681.21	$0.00	$1,686.47	$2,015.35	$322.77	$0.00	$0.00	$0.00	$110,854.29
2025-02-27	$6,379.41	$1,138.64	$0.00	$27,166.20	$180.94	$21,929.78	$0.00	$0.00	$18,456.84	$778.83	$2,328.83	$0.00	$0.00	$712.17	$0.00	$1,802.77	$2,688.49	$352.11	$0.00	$0.00	$0.00	$113,007.70
2025-02-26	$6,379.41	$1,097.37	$0.00	$25,646.49	$183.43	$21,286.48	$0.00	$0.00	$19,121.32	$759.99	$2,265.89	$0.00	$0.00	$681.21	$0.00	$1,802.77	$2,557.13	$342.33	$0.00	$0.00	$0.00	$114,007.64
2025-02-25	$6,284.20	$1,039.10	$0.00	$25,128.15	$134.50	$17,566.93	$0.00	$0.00	$16,107.87	$716.02	$2,140.00	$0.00	$0.00	$681.21	$0.00	$1,744.62	$2,521.52	$342.33	$0.00	$0.00	$0.00	$122,487.33
2025-02-24	$6,760.27	$1,121.64	$0.00	$26,062.72	$1,162.82	$17,433.61	$0.00	$0.00	$15,378.46	$841.64	$2,202.95	$0.00	$0.00	$743.14	$0.00	$1,977.24	$2,696.56	$371.67	$0.00	$0.00	$0.00	$133,474.72
2025-02-23	$7,331.56	$1,194.48	$0.00	$28,372.36	$1,208.16	$16,857.53	$0.00	$0.00	$16,301.42	$960.98	$2,140.00	$0.00	$0.00	$774.10	$0.00	$1,977.24	$2,892.55	$396.13	$0.00	$0.00	$0.00	$133,451.42
2025-02-22	$7,331.56	$1,177.48	$0.00	$28,995.06	$1,205.66	$15,977.01	$0.00	$0.00	$16,862.98	$929.57	$2,202.95	$0.00	$0.00	$774.10	$0.00	$1,977.24	$2,880.29	$386.34	$0.00	$0.00	$0.00	$134,436.69
2025-02-21	$7,712.42	$1,223.61	$0.00	$29,761.19	$1,260.63	$12,317.19	$0.00	$0.00	$15,373.33	$954.70	$2,077.06	$0.00	$0.00	$836.03	$0.00	$2,035.39	$1,944.08	$405.91	$0.00	$0.00	$0.00	$141,160.90
2025-02-20	$4,605.07	$2,258.86	$0.00	$28,058.92	$64.13	$11,077.58	$0.00	$0.00	$13,836.63	$803.96	$1,157.77	$0.00	$0.00	$774.10	$0.00	$1,977.25	$1,888.05	$401.02	$0.00	$0.00	$0.00	$144,349.94
2025-02-19	$1,146.74	$2,161.66	$0.00	$25,429.23	$64.80	$10,778.62	$0.00	$0.00	$13,543.80	$1,218.11	$1,157.77	$0.00	$0.00	$774.10	$0.00	$1,802.78	$1,853.38	$396.13	$0.00	$0.00	$0.00	$146,545.90
2025-02-18	$1,192.01	$2,152.40	$0.00	$22,805.67	$65.16	$9,817.93	$0.00	$0.00	$14,484.57	$1,258.71	$1,157.77	$0.00	$0.00	$774.10	$0.00	$1,802.78	$1,860.24	$396.13	$0.00	$0.00	$0.00	$150,523.87
2025-02-17	$1,222.19	$2,244.97	$0.00	$23,072.45	$66.69	$10,825.77	$0.00	$0.00	$14,823.43	$1,157.20	$1,230.13	$0.00	$0.00	$836.03	$0.00	$1,919.09	$1,961.91	$420.58	$0.00	$0.00	$0.00	$150,503.12
2025-02-14	$1,207.10	$2,263.49	$0.00	$19,323.14	$65.87	$7,898.91	$0.00	$0.00	$12,393.53	$1,147.05	$1,338.67	$0.00	$0.00	$836.03	$0.00	$1,802.78	$1,936.05	$420.58	$0.00	$0.00	$0.00	$158,452.46
2025-02-13	$2,736.69	$2,319.03	$0.00	$16,100.76	$71.64	$3,912.12	$0.00	$0.00	$8,369.05	$752.43	$1,338.67	$0.00	$0.00	$836.03	$0.00	$1,802.78	$1,979.34	$415.69	$0.00	$0.00	$0.00	$167,723.70
2025-02-12	$2,701.60	$2,194.06	$0.00	$11,890.88	$65.09	$3,649.59	$0.00	$0.00	$5,293.73	$745.59	$1,338.67	$0.00	$0.00	$805.07	$0.00	$1,744.63	$976.19	$410.80	$0.00	$0.00	$0.00	$177,107.33
2025-02-11	$2,806.86	$2,240.35	$0.00	$12,587.45	$62.92	$3,717.03	$0.00	$0.00	$5,438.77	$772.95	$1,411.04	$0.00	$0.00	$805.07	$0.00	$1,802.78	$997.89	$415.69	$0.00	$0.00	$0.00	$177,107.33
2025-02-10	$2,456.00	$2,207.94	$0.00	$12,162.85	$59.60	$3,718.78	$0.00	$0.00	$5,406.96	$684.02	$1,338.67	$0.00	$0.00	$805.07	$0.00	$1,744.63	$1,000.49	$410.80	$0.00	$0.00	$0.00	$177,107.33
2025-02-09	$2,420.92	$2,129.25	$0.00	$11,848.64	$61.37	$3,674.53	$0.00	$0.00	$5,392.34	$684.02	$1,266.31	$0.00	$0.00	$774.10	$0.00	$1,744.63	$999.72	$405.91	$0.00	$0.00	$0.00	$177,107.33
2025-02-08	$2,456.00	$2,096.85	$0.00	$11,683.56	$61.78	$3,684.23	$0.00	$0.00	$5,361.45	$704.54	$1,193.95	$0.00	$0.00	$774.10	$0.00	$1,744.63	$992.48	$396.13	$0.00	$0.00	$0.00	$177,107.33
2025-02-07	$2,561.26	$2,101.48	$0.00	$12,063.66	$57.77	$3,734.63	$0.00	$0.00	$5,600.36	$738.74	$1,157.77	$0.00	$0.00	$774.10	$0.00	$1,686.48	$1,002.71	$391.23	$0.00	$0.00	$0.00	$177,107.33
2025-02-06	$2,596.35	$2,129.25	$0.00	$12,427.98	$57.94	$3,755.06	$0.00	$0.00	$5,658.63	$766.11	$1,121.59	$0.00	$0.00	$774.10	$0.00	$1,744.63	$1,116.80	$391.23	$0.00	$0.00	$0.00	$177,107.33
2025-02-05	$2,666.52	$2,207.94	$0.00	$12,908.42	$56.89	$3,750.09	$0.00	$0.00	$5,694.09	$779.79	$1,085.41	$0.00	$0.00	$774.10	$0.00	$1,744.63	$1,021.03	$391.23	$0.00	$0.00	$0.00	$177,107.33
2025-02-04	$2,666.52	$2,184.80	$0.00	$12,890.26	$58.08	$3,801.30	$0.00	$0.00	$5,761.04	$779.79	$1,121.59	$0.00	$0.00	$774.10	$0.00	$1,802.78	$935.29	$420.58	$0.00	$0.00	$0.00	$177,107.33
2025-02-03	$2,526.17	$2,032.05	$0.00	$12,311.61	$57.07	$3,691.44	$0.00	$0.00	$5,348.75	$752.43	$904.51	$0.00	$0.00	$743.14	$0.00	$1,686.48	$912.15	$396.13	$0.00	$0.00	$0.00	$177,107.33
2025-02-02	$3,052.46	$2,596.76	$0.00	$14,689.82	$64.13	$3,767.74	$0.00	$0.00	$6,282.60	$916.59	$940.69	$0.00	$0.00	$897.96	$0.00	$2,151.71	$1,182.09	$503.71	$0.00	$0.00	$0.00	$177,107.33
2025-02-01	$3,227.89	$2,754.14	$0.00	$15,738.24	$65.82	$3,881.56	$0.00	$0.00	$6,555.19	$1,012.35	$1,121.59	$0.00	$0.00	$959.89	$0.00	$2,268.02	$1,263.29	$537.95	$0.00	$0.00	$0.00	$177,107.33
2025-01-31	$3,403.32	$2,911.52	$0.00	$16,785.52	$67.51	$3,995.39	$0.00	$0.00	$6,827.77	$1,101.28	$1,266.31	$0.00	$0.00	$1,021.81	$0.00	$2,384.33	$1,344.50	$567.29	$0.00	$0.00	$0.00	$177,107.33
2025-01-30	$3,298.06	$2,837.46	$0.00	$16,176.61	$66.70	$3,973.32	$0.00	$0.00	$6,576.06	$1,080.76	$1,374.86	$0.00	$0.00	$990.85	$0.00	$2,268.02	$1,317.11	$562.40	$0.00	$0.00	$0.00	$177,107.33
2025-01-29	$3,333.15	$2,735.63	$0.00	$15,862.28	$66.44	$3,954.15	$0.00	$0.00	$6,398.38	$1,101.28	$1,447.22	$0.00	$0.00	$990.85	$0.00	$2,268.02	$1,305.73	$591.74	$0.00	$0.00	$0.00	$177,107.33
2025-01-28	$3,368.23	$2,712.48	$0.00	$16,159.43	$66.63	$3,921.77	$0.00	$0.00	$6,475.56	$1,094.44	$1,483.40	$0.00	$0.00	$990.85	$0.00	$2,268.02	$1,320.29	$581.96	$0.00	$0.00	$0.00	$177,107.33
2025-01-27	$3,157.72	$2,652.31	$0.00	$15,920.38	$65.16	$3,829.90	$0.00	$0.00	$6,299.89	$1,026.03	$1,374.86	$0.00	$0.00	$959.89	$0.00	$2,268.02	$1,259.34	$577.07	$0.00	$0.00	$0.00	$177,072.60
2025-01-26	$3,473.49	$2,860.61	$0.00	$17,933.00	$81.14	$4,003.76	$0.00	$93.70	$7,520.27	$1,128.64	$1,519.58	$86.29	$0.00	$1,083.74	$0.00	$2,442.48	$1,400.43	$635.76	$0.00	$0.00	$0.00	$177,653.92
2025-01-25	$3,473.49	$2,879.12	$0.00	$17,050.75	$81.53	$4,007.96	$0.00	$93.41	$7,579.50	$1,128.64	$1,338.67	$85.88	$0.00	$1,052.78	$0.00	$2,442.48	$1,333.31	$630.87	$0.00	$0.00	$0.00	$177,567.99
2025-01-24	$3,508.57	$2,902.27	$0.00	$17,305.67	$81.40	$4,013.80	$0.00	$95.46	$7,731.88	$1,101.28	$1,374.86	$89.03	$0.00	$1,083.74	$0.00	$2,500.64	$1,378.64	$655.32	$0.00	$0.00	$0.00	$177,567.99
