date	+BTC	+ETH	+AUSD	+USDt	+USDC	vault BTC	indigo iBTC	BTC on Benqi	BTC borrowed	BTC	BTC quote	BTC $	(BTC on Benqi $)	BTC %	wETH.e	indigo iETH	ETH quote	ETH $	indigo iETH %	AUSD	AUSD on LTC+LINK	AUSD quote	AUSD $	AUSD %	AVAX	AVAX quote	AVAX $	AVAX %	sAVAX	sAVAX quote	sAVAX $	sAVAX %	USDC	USDC borrowed from treasury	USDC borrowed from LTC+LINK	USDC borrowed	USDC quote	USDC $	USDC %	USDt	USDt borrowed on treasury	USDt borrowed on treasury borrowed on LTC+LINK	USDt quote	USDt $	USDt %	treasury subtotal	TOTAL	$ gains	deposits/withdrawals	yields	yields, total	gains, total	gains Î´
2025-09-04	0.00000	0.00000	2.53	0.00	0.00	0.00098	0	0.6572	0.0000	0.65818	$110,847.00	$72,957.75	$72,848.65	97.94%	0.00000	0.00000	$4,409.29	$0.00	0.00%	52,149.54	4,889.30	$1.00	$57,038.84	76.57%	0.9857290218	$24.62	$24.27	0.03%	0	$30.13	$0.00	0.00%	0	0.00	0.0000	0.00	$1.00	$0.00	0.00%	0.00	53,495.37	1,925.68	$1.00	-$55,421.05	-74.40%	$69,601.41	$74,490.71	-$250.23	$0.00	$0.00	$1,828.78	-$19,650.58	-$250.23
2025-09-03	0.00000	0.00000	10.94	0.00	0.00	0.00098	0	0.6572	0.0000	0.65818	$111,384.00	$73,311.19	$73,201.56	98.09%	0.00000	0.00000	$4,381.65	$0.00	0.00%	52,147.02	4,769.34	$1.00	$56,916.36	76.15%	0.9857290218	$24.96	$24.60	0.03%	0	$30.58	$0.00	0.00%	0	0.00	0.0000	0.00	$1.00	$0.00	0.00%	0.00	53,476.59	1,925.00	$1.00	-$55,401.59	-74.12%	$69,971.59	$74,740.93	$1,453.66	$251.14	$0.00	$1,828.78	-$19,400.36	$1,202.52
2025-09-02	0.00000	0.00000	0.00	0.00	0.00	0.00098	0	0.6572	0.0000	0.65818	$109,292.00	$71,934.27	$71,826.70	98.15%	0.00000	0.00000	$4,319.27	$0.00	0.00%	52,136.07	2,711.39	$1.00	$54,847.46	74.84%	0.9857290218	$23.89	$23.55	0.03%	0	$29.29	$0.00	0.00%	0	0.00	0.0000	0.00	$1.00	$0.00	0.00%	0.00	53,410.43	0.00	$1.00	-$53,410.44	-72.88%	$70,575.89	$73,287.28	$339.24	$0.00	$0.00	$1,828.78	-$20,602.88	$339.24
2025-09-01	0.00000	0.00000	0.00	0.00	0.00	0.00098	0	0.6572	0.0000	0.65818	$108,776.00	$71,594.65	$71,487.59	98.14%	0.00000	0.00000	$4,393.12	$0.00	0.00%	52,136.07	2,711.39	$1.00	$54,847.46	75.19%	0.9857290218	$23.76	$23.42	0.03%	0	$29.07	$0.00	0.00%	0	0.00	0.0000	0.00	$1.00	$0.00	0.00%	0.00	53,410.43	0.00	$1.00	-$53,410.44	-73.22%	$70,236.65	$72,948.03	$276.42	$0.00	$0.00	$1,828.78	-$20,942.12	$276.42
2025-08-31	0.00000	0.00000	0.00	0.00	0.00	0.00098	0	0.6572	0.0000	0.65818	$108,355.00	$71,317.55	$71,210.91	98.14%	0.00000	0.00000	$4,471.07	$0.00	0.00%	52,136.07	2,711.39	$1.00	$54,847.46	75.47%	0.9857290218	$24.02	$23.68	0.03%	0	$29.35	$0.00	0.00%	0	0.00	0.0000	0.00	$1.00	$0.00	0.00%	0.00	53,410.43	0.00	$1.00	-$53,410.44	-73.50%	$69,960.22	$72,671.61	-$112.10	$0.00	$0.00	$1,828.78	-$21,218.54	-$112.10
2025-08-30	0.00100	0.00000	18.24	0.00	0.00	0.00098	0	0.6572	0.0000	0.65818	$108,526.00	$71,430.10	$71,323.29	98.14%	0.00000	0.00000	$4,381.44	$0.00	0.00%	52,136.07	2,711.39	$1.00	$54,847.46	75.36%	0.9857290218	$23.73	$23.39	0.03%	0	$29.04	$0.00	0.00%	0	0.00	0.0000	0.00	$1.00	$0.00	0.00%	0.00	53,410.43	0.00	$1.00	-$53,410.44	-73.38%	$70,072.32	$72,783.71	-$10,931.13	-$11,000.00	$0.00	$1,828.78	-$21,106.45	$68.87
2025-08-29	0.00000	0.00000	0.00	0.00	0.00	0.00098	0	0.6562	0.0000	0.65718	$108,620.00	$71,383.35	$71,276.44	85.27%	0.00000	0.00000	$4,282.44	$0.00	0.00%	52,117.84	39,794.76	$1.00	$91,912.60	109.79%	1.009147741	$23.58	$23.80	0.03%	0	$28.85	$0.00	0.00%	0	0.00	0.0000	0.00	$1.00	$0.00	0.00%	0.00	53,420.88	26,077.12	$1.00	-$79,498.00	-94.96%	$43,920.08	$83,714.84	-$2,818.63	$0.00	$0.00	$1,828.78	-$21,175.32	-$2,818.63
2025-08-28	0.00000	0.00000	0.00	0.00	0.00	0.00098	0	0.6562	0.0000	0.65718	$112,914.00	$74,205.30	$74,094.17	85.75%	0.00000	0.00000	$4,588.84	$0.00	0.00%	52,117.84	39,794.76	$1.00	$91,912.60	106.22%	1.009147741	$24.48	$24.70	0.03%	0	$29.97	$0.00	0.00%	0	0.00	0.0000	0.00	$1.00	$0.00	0.00%	0.00	53,420.88	26,077.12	$1.00	-$79,498.00	-91.87%	$46,738.71	$86,533.47	$643.23	$0.00	$0.00	$1,828.78	-$18,356.68	$643.23
2025-08-27	0.00000	0.00000	0.00	0.00	0.00	0.00098	0	0.6562	0.0000	0.65718	$111,933.00	$73,560.60	$73,450.43	85.64%	0.00000	0.00000	$4,619.96	$0.00	0.00%	52,117.84	39,794.76	$1.00	$91,912.60	107.01%	1.009147741	$24.98	$25.21	0.03%	0	$30.54	$0.00	0.00%	0	0.00	0.0000	0.00	$1.00	$0.00	0.00%	0.00	53,420.88	26,077.12	$1.00	-$79,498.00	-92.56%	$46,095.48	$85,890.24	$1,503.05	$0.00	$0.00	$1,828.78	-$18,999.91	$1,503.05
2025-08-26	0.00000	0.00000	0.00	0.00	0.00	0.00098	0	0.6562	0.0000	0.65718	$109,645.00	$72,056.97	$71,949.05	85.39%	0.00000	0.00000	$4,412.49	$0.00	0.00%	52,117.84	39,794.76	$1.00	$91,912.60	108.92%	1.009147741	$23.33	$23.54	0.03%	0	$28.52	$0.00	0.00%	0	0.00	0.0000	0.00	$1.00	$0.00	0.00%	0.00	53,420.88	26,077.12	$1.00	-$79,498.00	-94.21%	$44,592.43	$84,387.19	-$1,149.23	$0.00	$0.00	$1,828.78	-$20,502.96	-$1,149.23
2025-08-25	0.00000	0.00000	8.66	0.00	0.00	0.00098	0	0.6562	0.0000	0.65718	$111,395.00	$73,207.04	$73,097.40	85.59%	0.00000	0.00000	$4,609.46	$0.00	0.00%	52,117.84	39,794.76	$1.00	$91,912.60	107.45%	1.009147741	$24.20	$24.42	0.03%	0	$29.64	$0.00	0.00%	0	0.00	0.0000	0.00	$1.00	$0.00	0.00%	0.00	53,420.88	26,077.12	$1.00	-$79,498.00	-92.94%	$45,741.66	$85,536.42	-$2,133.21	$71.79	$0.00	$1,828.78	-$19,353.73	-$2,205.00
2025-08-24	0.00000	0.00000	0.00	0.00	0.00	0.00098	0	0.6562	0.0000	0.65718	$114,701.00	$75,379.69	$75,266.80	85.98%	0.00000	0.00000	$4,810.58	$0.00	0.00%	52,109.17	39,716.37	$1.00	$91,825.54	104.74%	1.011422426	$25.57	$25.86	0.03%	0	$31.05	$0.00	0.00%	0	0.00	0.0000	0.00	$1.00	$0.00	0.00%	0.00	53,386.88	26,061.69	$1.00	-$79,448.58	-90.62%	$47,953.26	$87,669.63	-$314.88	$0.00	$0.00	$1,828.78	-$17,148.74	-$314.88
2025-08-23	0.00000	0.00000	3.36	0.00	0.00	0.00098	0	0.6562	0.0000	0.65718	$115,180.00	$75,694.48	$75,581.12	86.03%	0.00000	0.00000	$4,713.89	$0.00	0.00%	52,109.17	39,716.37	$1.00	$91,825.54	104.37%	1.011422426	$26.12	$26.42	0.03%	0	$31.92	$0.00	0.00%	0	0.00	0.0000	0.00	$1.00	$0.00	0.00%	0.00	53,386.88	26,061.69	$1.00	-$79,448.58	-90.30%	$48,268.13	$87,984.50	$2,224.68	$0.00	$0.00	$1,828.78	-$16,833.86	$2,224.68
2025-08-22	-0.00001	0.00000	2.41	0.00	0.00	0.00098	0	0.6562	0.0000	0.65718	$111,769.00	$73,452.83	$73,342.82	85.65%	0.00000	0.00000	$4,215.99	$0.00	0.00%	52,105.82	39,713.81	$1.00	$91,819.63	107.07%	1.011422426	$22.36	$22.62	0.03%	0	$27.47	$0.00	0.00%	0	0.00	0.0000	0.00	$1.00	$0.00	0.00%	0.00	53,371.21	26,054.04	$1.00	-$79,425.25	-92.61%	$46,046.01	$85,759.82	-$920.18	$0.00	$0.00	$1,828.78	-$19,058.54	-$920.18
2025-08-21	0.00290	0.00000	79.53	0.00	0.00	0.00099	0	0.6562	0.0000	0.65719	$113,153.00	$74,363.38	$74,251.00	85.79%	0.00000	0.00000	$4,271.08	$0.00	0.00%	52,103.41	39,711.98	$1.00	$91,815.38	105.92%	0.9164372153	$23.11	$21.18	0.02%	0	$28.22	$0.00	0.00%	0	0.00	0.0000	0.00	$1.00	$0.00	0.00%	0.00	53,359.41	26048.1498	$1.00	-$79,407.56	-91.61%	$46,968.03	$86,680.00	$1,974.50	$41.84	$547.24	$1,828.78	-$18,138.36	$2,479.90
2025-08-20	0.00000	0.00000	0.00	0.00	0.00	0.00099	0	0.6533	0.0000	0.65429	$113,847.00	$74,489.32	$74,376.25	87.94%	0.00000	0.00000	$4,211.49	$0.00	0.00%	52,023.87	2,648.64	$1.00	$54,672.51	64.54%	0.9164372153	$22.88	$20.97	0.02%	0	$27.76	$0.00	0.00%	0	0.00	0.0053	0.01	$1.00	-$0.01	0.00%	0.00	44,364.22	0	$1.00	-$44,364.22	-52.37%	$82,056.87	$84,705.50	-$466.59	$0.00	$0.00	$1,281.54	-$20,618.26	-$466.59
2025-08-19	0.00000	0.00000	0.00	0.00	0.00	0.00099	0	0.6533	0.0000	0.65429	$114,561.00	$74,956.48	$74,842.70	88.01%	0.00000	0.00000	$4,261.27	$0.00	0.00%	52,023.87	2,648.64	$1.00	$54,672.51	64.19%	0.9164372153	$23.03	$21.11	0.02%	0	$28.12	$0.00	0.00%	0	0.00	0.0053	0.01	$1.00	-$0.01	0.00%	0.00	44,364.22	0	$1.00	-$44,364.22	-52.09%	$82,523.46	$85,172.09	-$444.29	$0.00	$0.00	$1,281.54	-$20,151.67	-$444.29
2025-08-18	0.00000	0.00000	0.00	0.00	0.00	0.00099	0	0.6533	0.0000	0.65429	$115,240.00	$75,400.75	$75,286.29	88.07%	0.00000	0.00000	$4,300.81	$0.00	0.00%	52,023.87	2,648.64	$1.00	$54,672.51	63.86%	0.9164372153	$23.79	$21.80	0.03%	0	$28.95	$0.00	0.00%	0	0.00	0.0053	0.01	$1.00	-$0.01	0.00%	0.00	44,364.22	0	$1.00	-$44,364.22	-51.82%	$82,967.75	$85,616.38	-$2,007.25	$0.00	$0.00	$1,281.54	-$19,707.38	-$2,007.25
2025-08-17	0.00000	0.00000	0.00	0.00	0.00	0.00099	0	0.6533	0.0000	0.65429	$118,311.00	$77,410.08	$77,292.58	88.34%	0.00000	0.00000	$4,547.86	$0.00	0.00%	52,023.87	2,648.64	$1.00	$54,672.51	62.39%	0.9164372153	$24.84	$22.76	0.03%	0	$30.29	$0.00	0.00%	0	0.00	0.0053	0.01	$1.00	-$0.01	0.00%	0.00	44,364.22	0	$1.00	-$44,364.22	-50.63%	$84,975.00	$87,623.63	$561.63	$0.00	$0.00	$1,281.54	-$17,700.13	$561.63
2025-08-16	0.00000	0.00000	0.00	0.00	0.00	0.00099	0	0.6533	0.0000	0.65429	$117,453.00	$76,848.70	$76,732.04	88.27%	0.00000	0.00000	$4,389.16	$0.00	0.00%	52,023.87	2,648.64	$1.00	$54,672.51	62.80%	0.9164372153	$23.64	$21.66	0.02%	0	$28.91	$0.00	0.00%	0	0.00	0.0053	0.01	$1.00	-$0.01	0.00%	0.00	44,364.22	0	$1.00	-$44,364.22	-50.96%	$84,413.36	$87,062.00	-$863.82	$0.00	$0.00	$1,281.54	-$18,261.76	-$863.82
2025-08-15	0.00000	0.00000	0.00	0.00	0.00	0.00099	0	0.6533	0.0000	0.65429	$118,774.00	$77,713.02	$77,595.05	88.38%	0.00000	0.00000	$4,644.40	$0.00	0.00%	52,023.87	2,648.64	$1.00	$54,672.51	62.18%	0.9164372153	$24.52	$22.47	0.03%	0	$29.83	$0.00	0.00%	0	0.00	0.0053	0.01	$1.00	-$0.01	0.00%	0.00	44,364.22	0	$1.00	-$44,364.22	-50.46%	$85,277.18	$87,925.81	-$1,443.61	$1,613.39	$0.00	$1,281.54	-$17,397.95	-$1,443.61
2025-08-14	0.00000	0.00000	0.00	0.00	0.00	0.00099	0	0.6533	0.0000	0.65429	$120,983.00	$79,158.35	$79,038.19	88.57%	0.00000	0.00000	$4,721.21	$0.00	0.00%	52,023.87	2,648.64	$1.00	$54,672.51	61.18%	0.9164372153	$25.03	$22.94	0.03%	0	$30.54	$0.00	0.00%	0	0.00	0.0053	0.01	$1.00	-$0.01	0.00%	0.00	44,364.22	0	$1.00	-$44,364.22	-49.64%	$86,720.79	$89,369.42	$393.88	$0.00	$0.00	$1,281.54	-$14,340.95	$393.88
2025-08-13	0.00000	0.00000	0.00	0.00	0.00	0.00099	0	0.6533	0.0000	0.65429	$120,380.00	$78,763.82	$78,644.25	88.52%	0.00000	0.00000	$4,693.48	$0.00	0.00%	52,023.87	2,648.64	$1.00	$54,672.51	61.45%	0.9164372153	$25.09	$22.99	0.03%	0	$30.60	$0.00	0.00%	0	0.00	0.0053	0.01	$1.00	-$0.01	0.00%	0.00	44,364.22	0	$1.00	-$44,364.22	-49.86%	$86,326.90	$88,975.54	$980.88	$0.00	$0.00	$1,281.54	-$14,734.83	$980.88
2025-08-12	0.00000	0.00000	0.00	0.00	0.00	0.00099	0	0.6533	0.0000	0.65429	$118,881.00	$77,783.03	$77,664.96	88.40%	0.00000	0.00000	$4,344.17	$0.00	0.00%	52,023.87	2,648.64	$1.00	$54,672.51	62.13%	0.9164372153	$23.36	$21.41	0.02%	0	$28.16	$0.00	0.00%	0	0.00	0.0053	0.01	$1.00	-$0.01	0.00%	0.00	44,364.22	0	$1.00	-$44,364.22	-50.42%	$85,346.02	$87,994.65	-$657.13	$1,459.45	$0.00	$1,281.54	-$15,715.72	-$657.13
2025-08-11	0.00000	0.00000	0.00	0.00	0.00	0.00099	0	0.6533	0.0000	0.65429	$119,887.00	$78,441.25	$78,322.18	88.48%	0.00000	0.00000	$4,178.51	$0.00	0.00%	52,023.87	2,648.64	$1.00	$54,672.51	61.67%	0.9164372153	$23.26	$21.32	0.02%	0	$28.36	$0.00	0.00%	0	0.00	0.0053	0.01	$1.00	-$0.01	0.00%	0.00	44,364.22	0	$1.00	-$44,364.22	-50.04%	$86,003.15	$88,651.78	$992.72	$0.00	$0.00	$1,281.54	-$13,599.14	$992.72
2025-08-10	0.00000	0.00000	0.00	0.00	0.00	0.00099	0	0.6533	0.0000	0.65429	$118,367.00	$77,446.72	$77,329.16	88.35%	0.00000	0.00000	$4,189.81	$0.00	0.00%	52,023.87	2,648.64	$1.00	$54,672.51	62.37%	0.9164372153	$23.58	$21.61	0.02%	0	$28.80	$0.00	0.00%	0	0.00	0.0053	0.01	$1.00	-$0.01	0.00%	0.00	44,364.22	0	$1.00	-$44,364.22	-50.61%	$85,010.43	$87,659.06	$1,058.39	$0.00	$0.00	$1,281.54	-$14,591.86	$1,058.39
2025-08-09	0.00000	0.00000	0.00	0.00	0.00	0.00099	0	0.6533	0.0000	0.65429	$116,746.00	$76,386.11	$76,270.16	88.20%	0.00000	0.00000	$4,214.48	$0.00	0.00%	52,023.87	2,648.64	$1.00	$54,672.51	63.13%	0.9164372153	$24.24	$22.21	0.03%	0	$29.61	$0.00	0.00%	0	0.00	0.0053	0.01	$1.00	-$0.01	0.00%	0.00	44,364.22	0	$1.00	-$44,364.22	-51.23%	$83,952.03	$86,600.66	$129.59	$439.91	$0.00	$1,281.54	-$15,650.25	$129.59
2025-08-08	0.00000	0.00000	0.00	0.00	0.00	0.00099	0	0.6533	0.0000	0.65429	$116,549.00	$76,257.22	$76,141.46	88.19%	0.00000	0.00000	$3,896.12	$0.00	0.00%	52,023.87	2,648.64	$1.00	$54,672.51	63.23%	0.9164372153	$23.27	$21.33	0.02%	0	$28.37	$0.00	0.00%	0	0.00	0.0053	0.01	$1.00	-$0.01	0.00%	0.00	44,364.22	0	$1.00	-$44,364.22	-51.31%	$83,822.44	$86,471.07	$108.29	$0.00	$0.00	$1,281.54	-$15,339.93	$108.29
2025-08-07	0.00000	0.00000	0.00	0.00	0.00	0.00099	0	0.6533	0.0000	0.65429	$116,384.00	$76,149.26	$76,033.67	88.17%	0.00000	0.00000	$3,836.05	$0.00	0.00%	52,023.87	2,648.64	$1.00	$54,672.51	63.31%	0.9164372153	$22.73	$20.83	0.02%	0	$27.75	$0.00	0.00%	0	0.00	0.0053	0.01	$1.00	-$0.01	0.00%	0.00	44,364.22	0	$1.00	-$44,364.22	-51.37%	$83,714.15	$86,362.79	$1,634.70	$0.00	$0.00	$1,281.54	-$15,448.22	$1,634.70
2025-08-06	0.00000	0.00000	0.00	0.00	0.00	0.00099	0	0.6533	0.0000	0.65429	$113,883.00	$74,512.87	$74,399.76	87.94%	0.00000	0.00000	$3,588.72	$0.00	0.00%	52,023.87	2,648.64	$1.00	$54,672.51	64.53%	0.9164372153	$21.86	$20.03	0.02%	0	$26.63	$0.00	0.00%	0	0.00	0.0053	0.01	$1.00	-$0.01	0.00%	0.00	44,364.22	0	$1.00	-$44,364.22	-52.36%	$82,079.45	$84,728.08	$506.91	$134.61	$0.00	$1,281.54	-$17,082.92	$506.91
2025-08-05	0.00000	0.00000	0.00	0.00	0.00	0.00099	0	0.6533	0.0000	0.65429	$113,107.00	$74,005.14	$73,892.80	87.87%	0.00000	0.00000	$3,587.32	$0.00	0.00%	52,023.87	2,648.64	$1.00	$54,672.51	64.92%	0.9164372153	$21.92	$20.09	0.02%	0	$26.70	$0.00	0.00%	0	0.00	0.0053	0.01	$1.00	-$0.01	0.00%	0.00	44,364.22	0	$1.00	-$44,364.22	-52.68%	$81,572.55	$84,221.18	-$910.66	$0.00	$0.00	$1,281.54	-$17,455.22	-$910.66
2025-08-04	0.00000	0.00000	0.00	0.00	0.00	0.00099	0	0.6533	0.0000	0.65429	$114,501.00	$74,917.23	$74,803.50	88.00%	0.00000	0.00000	$3,557.86	$0.00	0.00%	52,023.87	2,648.64	$1.00	$54,672.51	64.22%	0.9164372153	$21.88	$20.05	0.02%	0	$26.60	$0.00	0.00%	0	0.00	0.0053	0.01	$1.00	-$0.01	0.00%	0.00	44,364.22	0	$1.00	-$44,364.22	-52.11%	$82,483.21	$85,131.84	$440.12	$16,732.40	$0.00	$1,281.54	-$16,544.56	$440.12
2025-08-03	0.00000	0.00000	0.00	0.00	0.00	0.00099	0	0.6533	0.0000	0.65429	$113,828.00	$74,476.89	$74,363.83	87.94%	0.00000	0.00000	$3,484.99	$0.00	0.00%	52,023.87	2,648.64	$1.00	$54,672.51	64.55%	0.9164372153	$21.39	$19.60	0.02%	0	$26.05	$0.00	0.00%	0	0.00	0.0053	0.01	$1.00	-$0.01	0.00%	0.00	44,364.22	0	$1.00	-$44,364.22	-52.38%	$82,043.09	$84,691.72	$50.87	$0.00	$0.00	$1,281.54	-$252.28	$50.87
2025-08-02	0.00000	0.00000	0.00	0.00	0.00	0.00099	0	0.6533	0.0000	0.65429	$113,750.00	$74,425.85	$74,312.88	87.93%	0.00000	0.00000	$3,506.87	$0.00	0.00%	52,023.87	2,648.64	$1.00	$54,672.51	64.59%	0.9164372153	$21.49	$19.69	0.02%	0	$26.17	$0.00	0.00%	0	0.00	0.0053	0.01	$1.00	-$0.01	0.00%	0.00	44,364.22	0	$1.00	-$44,364.22	-52.41%	$81,992.22	$84,640.86	-$1,326.84	$0.00	$0.00	$1,281.54	-$303.14	-$1,326.84
2025-08-01	0.00000	0.00000	0.00	0.00	0.00	0.00099	0	0.6533	0.0000	0.65429	$115,780.00	$75,754.07	$75,639.07	88.12%	0.00000	0.00000	$3,669.61	$0.00	0.00%	52,023.87	2,648.64	$1.00	$54,672.51	63.60%	0.9164372153	$22.19	$20.34	0.02%	0	$26.94	$0.00	0.00%	0	0.00	0.0053	0.01	$1.00	-$0.01	0.00%	0.00	44,364.22	0	$1.00	-$44,364.22	-51.61%	$83,319.07	$85,967.70	-$1,445.08	$0.00	$0.00	$1,281.54	$1,023.70	-$1,445.08
2025-07-31	0.00000	0.00000	0.00	0.00	0.00	0.00099	0	0.6533	0.0000	0.65429	$117,991.00	$77,200.71	$77,083.52	88.32%	0.00000	0.00000	$3,774.84	$0.00	0.00%	52,023.87	2,648.64	$1.00	$54,672.51	62.55%	0.9164372153	$22.88	$20.97	0.02%	0	$27.88	$0.00	0.00%	0	0.00	0.0053	0.01	$1.00	-$0.01	0.00%	0.00	44,364.22	0	$1.00	-$44,364.22	-50.75%	$84,764.14	$87,412.78	$233.54	$0.00	$0.00	$1,281.54	$2,468.78	$233.54
2025-07-30	0.00000	0.00000	0.00	0.00	0.00	0.00099	0	0.6533	0.0000	0.65429	$117,633.00	$76,966.47	$76,849.64	88.29%	0.00000	0.00000	$3,772.37	$0.00	0.00%	52,023.87	2,648.64	$1.00	$54,672.51	62.71%	0.9164372153	$23.25	$21.31	0.02%	0	$28.22	$0.00	0.00%	0	0.00	0.0053	0.01	$1.00	-$0.01	0.00%	0.00	44,364.22	0	$1.00	-$44,364.22	-50.89%	$84,530.60	$87,179.23	-$626.58	$0.00	$0.00	$1,281.54	$2,235.23	-$626.58
2025-07-29	0.00000	0.00000	0.00	0.00	0.00	0.00099	0	0.6533	0.0000	0.65429	$118,590.00	$77,592.63	$77,474.85	88.37%	0.00000	0.00000	$3,836.12	$0.00	0.00%	52,023.87	2,648.64	$1.00	$54,672.51	62.27%	0.9164372153	$24.75	$22.68	0.03%	0	$30.04	$0.00	0.00%	0	0.00	0.0053	0.01	$1.00	-$0.01	0.00%	0.00	44,364.22	0	$1.00	-$44,364.22	-50.53%	$85,157.18	$87,805.82	$579.19	$0.00	$0.00	$1,281.54	$2,861.82	$579.19
2025-07-28	0.00000	0.00000	12.26	0.00	0.00	0.00099	0	0.6533	0.0000	0.65429	$117,702.00	$77,011.62	$76,894.72	88.29%	0.00000	0.00000	$3,788.79	$0.00	0.00%	52,023.87	2,648.64	$1.00	$54,672.51	62.68%	0.9164372153	$25.78	$23.63	0.03%	0	$31.37	$0.00	0.00%	0	0.00	0.0053	0.01	$1.00	-$0.01	0.00%	0.00	44,364.22	0	$1.00	-$44,364.22	-50.86%	$84,578.00	$87,226.63	-$238.88	$35.38	$0.00	$1,281.54	$2,282.63	-$274.26
2025-07-27	0.00000	0.00000	0.00	0.00	0.00	0.00099	0	0.6533	0.0000	0.65429	$118,085.00	$77,262.21	$77,144.93	88.33%	0.00000	0.00000	$3,825.86	$0.00	0.00%	52,011.62	2,612.65	$1.00	$54,624.26	62.45%	0.9187222268	$24.92	$22.89	0.03%	0	$30.34	$0.00	0.00%	0	0.00	0.0053	0.01	$1.00	-$0.01	0.00%	0.00	44,326.57	0	$1.00	-$44,326.57	-50.68%	$84,852.87	$87,465.51	$79.65	$0.00	$0.00	$1,281.54	$2,556.89	$79.65
2025-07-26	0.00000	0.00000	2.33	0.00	0.00	0.00099	0	0.6533	0.0000	0.65429	$117,964.00	$77,183.04	$77,065.88	88.32%	0.00000	0.00000	$3,746.25	$0.00	0.00%	52,011.62	2,612.65	$1.00	$54,624.26	62.51%	0.9187222268	$24.27	$22.30	0.03%	0	$29.53	$0.00	0.00%	0	0.00	0.0053	0.01	$1.00	-$0.01	0.00%	0.00	44,326.57	0	$1.00	-$44,326.57	-50.73%	$84,773.22	$87,385.86	$1,195.87	$0.00	$0.00	$1,281.54	$2,477.24	$1,195.87
2025-07-25	0.00040	0.00000	7.95	0.00	0.00	0.00099	0	0.6533	0.0000	0.65429	$116,127.00	$75,981.11	$75,865.77	88.16%	0.00000	0.00000	$3,705.12	$0.00	0.00%	52,009.28	2,612.53	$1.00	$54,621.81	63.37%	0.9187222268	$23.70	$21.77	0.03%	0	$28.81	$0.00	0.00%	0	0.00	0.0053	0.01	$1.00	-$0.01	0.00%	0.00	44,319.35	0	$1.00	-$44,319.35	-51.42%	$83,577.47	$86,190.00	-$1,525.06	$0.00	$0.00	$1,281.54	$1,281.37	-$1,525.06
2025-07-24	0.00000	0.00000	0.00	0.00	0.00	0.00099	0	0.6529	0.0000	0.65389	$118,576.00	$77,536.04	$77,418.27	88.40%	0.00000	0.00000	$3,647.58	$0.00	0.00%	52,001.33	2,612.13	$1.00	$54,613.46	62.26%	0.8966189907	$23.79	$21.33	0.02%	0	$28.88	$0.00	0.00%	0	0.00	0.0053	0.01	$1.00	-$0.01	0.00%	0.00	44,338.00	0	$1.00	-$44,338.00	-50.55%	$85,102.93	$87,715.05	$365.93	$0.00	$0.00	$1,281.54	$2,806.43	$365.93
2025-07-23	0.00000	0.00000	5.09	0.00	0.00	0.00099	0	0.6529	0.0000	0.65389	$118,015.00	$77,169.21	$77,051.99	88.35%	0.00000	0.00000	$3,608.83	$0.00	0.00%	52,001.33	2,612.13	$1.00	$54,613.46	62.52%	0.8966189907	$24.18	$21.68	0.02%	0	$29.28	$0.00	0.00%	0	0.00	0.0053	0.01	$1.00	-$0.01	0.00%	0.00	44,338.00	0	$1.00	-$44,338.00	-50.76%	$84,737.00	$87,349.13	-$772.23	$0.00	$0.00	$1,281.54	$2,440.50	-$772.23
2025-07-22	0.00000	0.00000	10.31	0.00	0.00	0.00099	0	0.6529	0.0000	0.65389	$119,171.00	$77,925.11	$77,806.75	88.43%	0.00000	0.00000	$3,703.74	$0.00	0.00%	51,996.24	2,611.89	$1.00	$54,608.13	61.97%	0.9414585638	$25.46	$23.97	0.03%	0	$30.95	$0.00	0.00%	0	0.00	0.0053	0.01	$1.00	-$0.01	0.00%	0.00	44,317.49	0	$1.00	-$44,317.49	-50.29%	$85,509.47	$88,121.36	$1,014.42	$0.00	$0.00	$1,281.54	$3,212.74	$1,014.42
2025-07-21	0.00000	0.00000	0.00	0.00	0.00	0.00099	0	0.6529	0.0000	0.65389	$118,234.00	$77,312.41	$77,194.98	88.76%	0.00000	0.00000	$3,815.10	$0.00	0.00%	51,985.93	1,199.10	$1.00	$53,185.03	61.06%	0.9515785096	$25.94	$24.68	0.03%	0	$31.59	$0.00	0.00%	0	0.00	0.0053	0.01	$1.00	-$0.01	0.00%	0.00	43,297.75	0	$1.00	-$43,297.75	-49.71%	$85,907.85	$87,106.94	$165.44	$347.13	$0.00	$1,281.54	$2,198.32	-$181.69
2025-07-20	0.00000	0.00000	0.00	0.00	0.00	0.00099	0	0.6529	0.0000	0.65389	$117,982.00	$77,147.63	$77,030.45	88.74%	0.00000	0.00000	$3,736.78	$0.00	0.00%	51,985.93	1,199.10	$1.00	$53,185.03	61.17%	0.9515785096	$24.98	$23.77	0.03%	0	$30.43	$0.00	0.00%	0	0.00	0.0053	0.01	$1.00	-$0.01	0.00%	0.00	43,297.75	0	$1.00	-$43,297.75	-49.80%	$85,742.40	$86,941.50	$782.20	$986.93	$0.00	$1,281.54	$2,380.00	-$204.73
2025-07-19	0.00000	0.00000	2.02	0.00	0.00	0.00099	0	0.6529	0.0000	0.65389	$118,265.00	$77,332.68	$77,215.22	89.76%	0.00000	0.00000	$3,547.56	$0.00	0.00%	51,985.93	212.15	$1.00	$52,198.08	60.58%	0.9515785096	$23.64	$22.50	0.03%	0	$28.66	$0.00	0.00%	0	0.00	0.0053	0.01	$1.00	-$0.01	0.00%	0.00	43,276.49	0	$1.00	-$43,276.49	-50.23%	$85,947.15	$86,159.29	$208.84	$0.00	$0.00	$1,281.54	$2,584.73	$208.84
2025-07-18	0.00050	0.00000	11.80	0.00	0.00	0.00099	0	0.6529	0.0000	0.65389	$117,935.00	$77,116.89	$76,999.76	89.72%	0.00000	0.00000	$3,574.73	$0.00	0.00%	51,983.91	212.14	$1.00	$52,196.05	60.73%	0.96926	$24.04	$23.30	0.03%	0	$29.20	$0.00	0.00%	0	0.00	0.0053	0.01	$1.00	-$0.01	0.00%	0.00	43,268.65	0	$1.00	-$43,268.65	-50.34%	$85,738.32	$85,950.45	$109.94	$0.00	$107.94	$1,281.54	$2,375.89	$217.88
2025-07-17	0.00000	0.00000	0.00	0.00	0.00	0.00099	0	0.6524	0.0000	0.65339	$117,882.00	$77,023.30	$76,906.22	89.73%	0.00000	0.00000	$3,430.08	$0.00	0.00%	51,972.11	212.09	$1.00	$52,184.20	60.79%	0.96926	$22.84	$22.14	0.03%	0	$27.77	$0.00	0.00%	0	0.00	0.0053	0.01	$1.00	-$0.01	0.00%	0.00	43,272.03	0	$1.00	-$43,272.03	-50.41%	$85,628.43	$85,840.52	-$550.52	$0.00	$0.00	$1,173.60	$2,158.02	-$550.52
2025-07-16	0.00000	0.00000	0.00	0.00	0.00	0.00099	0	0.6524	0.0000	0.65339	$118,727.00	$77,575.41	$77,457.49	89.80%	0.00000	0.00000	$3,176.85	$0.00	0.00%	51,972.11	212.09	$1.00	$52,184.20	60.40%	0.96926	$22.06	$21.38	0.02%	0	$26.84	$0.00	0.00%	0	0.00	0.0053	0.01	$1.00	-$0.01	0.00%	0.00	43,272.03	0	$1.00	-$43,272.03	-50.09%	$86,178.96	$86,391.04	$1,080.09	$0.00	$0.00	$1,173.60	$2,708.54	$1,080.09
2025-07-15	0.00000	0.00000	2.57	0.00	0.00	0.00099	0	0.6524	0.0000	0.65339	$117,073.00	$76,494.70	$76,378.43	89.67%	0.00000	0.00000	$2,980.76	$0.00	0.00%	51,972.11	212.09	$1.00	$52,184.20	61.17%	0.96926	$21.01	$20.36	0.02%	0	$25.56	$0.00	0.00%	0	0.00	0.0053	0.01	$1.00	-$0.01	0.00%	0.00	43,272.03	0	$1.00	-$43,272.03	-50.72%	$85,098.87	$85,310.95	-$2,979.30	$59.48	$0.00	$1,173.60	$1,628.45	-$3,038.78
2025-07-14	0.00060	0.00000	30.43	0.00	0.00	0.00099	0	0.6524	0.0000	0.65339	$121,719.00	$79,530.37	$79,409.48	90.08%	0.00000	0.00000	$3,050.28	$0.00	0.00%	51,969.53	152.60	$1.00	$52,122.14	59.03%	0.96985	$21.72	$21.07	0.02%	0	$26.40	$0.00	0.00%	0	0.00	0.0053	0.01	$1.00	-$0.01	0.00%	0.00	43,262.42	0	$1.00	-$43,262.42	-49.00%	$88,137.65	$88,290.25	-$3,709.91	$0.00	$0.00	$1,173.60	$4,667.23	-$3,709.91
2025-07-13	0.00000	0.00000	0.00	0.00	0.00	0.00099	0	0.6518	0.0000	0.65279	$118,326.00	$77,242.41	$77,124.89	83.96%	0.00000	0.00000	$2,978.81	$0.00	0.00%	51,939.10	152.51	$1.00	$52,091.61	56.62%	0.4698293433	$21.29	$10.00	0.01%	0	$25.85	$0.00	0.00%	0	37,226.34	0.0053	37,226.34	$1.00	-$37,226.34	-40.46%	0.00	0	0	$1.00	$0.00	0.00%	$129,073.99	$92,000.16	$554.34	$0.00	$0.00	$1,173.60	$8,377.14	$554.34
2025-07-12	0.00000	0.00000	0.00	0.00	0.00	0.00099	0	0.6518	0.0000	0.65279	$117,476.00	$76,687.53	$76,570.86	83.86%	0.00000	0.00000	$2,936.49	$0.00	0.00%	51,939.10	152.51	$1.00	$52,091.61	56.96%	0.4698293433	$20.63	$9.69	0.01%	0	$25.09	$0.00	0.00%	0	37,226.34	0.0053	37,226.34	$1.00	-$37,226.34	-40.71%	0.00	0	0	$1.00	$0.00	0.00%	$128,519.65	$91,445.82	-$327.58	$0.00	$124.22	$1,173.60	$7,822.80	-$203.36
2025-07-11	0.00000	0.00000	0.00	0.00	0.00	0.00099	0	0.6518	0.0000	0.65279	$117,978.00	$77,015.24	$76,898.06	83.92%	0.00000	0.00000	$2,998.51	$0.00	0.00%	51,939.10	152.51	$1.00	$52,091.61	56.76%	0.4698293433	$21.44	$10.07	0.01%	0	$26.07	$0.00	0.00%	0	37,226.34	0.0053	37,226.34	$1.00	-$37,226.34	-40.56%	0.00	0	0	$1.00	$0.00	0.00%	$128,847.23	$91,773.40	$4,622.15	$0.00	$0.00	$1,049.38	$8,026.16	$4,622.15
2025-07-10	0.00000	0.00000	0.00	0.00	0.00	0.00099	0	0.6518	0.0000	0.65279	$110,888.00	$72,386.93	$72,276.80	83.06%	0.00000	0.00000	$2,775.65	$0.00	0.00%	51,939.10	152.51	$1.00	$52,091.61	59.77%	0.4698293433	$19.54	$9.18	0.01%	0	$23.75	$0.00	0.00%	0	37,226.34	0.0053	37,226.34	$1.00	-$37,226.34	-42.71%	0.00	0	0	$1.00	$0.00	0.00%	$124,225.08	$87,151.25	$895.98	$0.00	$0.00	$1,049.38	$3,404.00	$895.98
2025-07-09	0.00000	0.00000	0.00	0.00	0.00	0.00099	0	0.6518	0.0000	0.65279	$109,514.00	$71,489.99	$71,381.23	82.88%	0.00000	0.00000	$2,660.44	$0.00	0.00%	51,939.10	152.51	$1.00	$52,091.61	60.39%	0.4698293433	$18.68	$8.78	0.01%	0	$22.73	$0.00	0.00%	0	37,226.34	0.0053	37,226.34	$1.00	-$37,226.34	-43.16%	0.00	0	0	$1.00	$0.00	0.00%	$123,329.10	$86,255.27	$419.33	$0.00	$0.00	$1,049.38	$2,508.03	$419.33
2025-07-08	0.00000	0.00000	0.00	0.00	0.00	0.00099	0	0.6518	0.0000	0.65279	$108,871.00	$71,070.25	$70,962.12	82.80%	0.00000	0.00000	$2,582.24	$0.00	0.00%	51,939.10	152.51	$1.00	$52,091.61	60.69%	0.4698293433	$18.20	$8.55	0.01%	0	$22.11	$0.00	0.00%	0	37,226.34	0.0053	37,226.34	$1.00	-$37,226.34	-43.37%	0.00	0	0	$1.00	$0.00	0.00%	$122,909.77	$85,835.94	$444.63	$0.00	$0.00	$1,049.38	$2,088.69	$444.63
2025-07-07	0.00000	0.00000	0.00	0.00	0.00	0.00099	0	0.6518	0.0000	0.65279	$108,189.00	$70,625.04	$70,517.59	82.71%	0.00000	0.00000	$2,520.15	$0.00	0.00%	51,939.10	152.51	$1.00	$52,091.61	61.00%	0.4698293433	$17.98	$8.45	0.01%	0	$21.83	$0.00	0.00%	0	37,226.34	0.0053	37,226.34	$1.00	-$37,226.34	-43.60%	0.00	0	0	$1.00	$0.00	0.00%	$122,465.14	$85,391.31	$0.00	$0.00	$0.00	$1,049.38	$1,644.06	$0.00
2025-07-06	0.00000	0.00000	6.41	0.00	0.00	0.00099	0	0.6518	0.0000	0.65279	$108,189.00	$70,625.04	$70,517.59	82.71%	0.00000	0.00000	$2,520.15	$0.00	0.00%	51,939.10	152.51	$1.00	$52,091.61	61.00%	0.4698293433	$17.98	$8.45	0.01%	0	$21.83	$0.00	0.00%	0	37,226.34	0.0053	37,226.34	$1.00	-$37,226.34	-43.60%	0.00	0	0	$1.00	$0.00	0.00%	$122,465.14	$85,391.31	-$25.69	$0.00	$0.00	$1,049.38	$1,644.06	-$25.69
2025-07-05	0.00000	0.00000	0.00	0.00	0.00	0.00099	0	0.6518	0.0000	0.65279	$108,200.00	$70,632.22	$70,524.76	82.69%	0.00000	0.00000	$2,519.99	$0.00	0.00%	51,932.69	152.50	$1.00	$52,085.18	60.98%	0.9744033443	$17.90	$17.44	0.02%	0	$21.74	$0.00	0.00%	0	37,210.38	0.0053	37,210.39	$1.00	-$37,210.39	-43.56%	0.00	0	0	$1.00	$0.00	0.00%	$122,474.89	$85,417.00	-$429.77	$0.00	$0.00	$1,049.38	$1,669.75	-$429.77
2025-07-04	0.00920	0.00000	3.25	0.00	0.00	0.00099	0	0.6518	0.0000	0.65279	$108,859.00	$71,062.41	$70,954.30	82.78%	0.00000	0.00000	$2,551.70	$0.00	0.00%	51,932.69	152.50	$1.00	$52,085.18	60.67%	0.9744033443	$18.14	$17.68	0.02%	0	$22.03	$0.00	0.00%	0	37,210.38	0.0053	37,210.39	$1.00	-$37,210.39	-43.35%	0.00	0	0	$1.00	$0.00	0.00%	$122,904.66	$85,846.77	$47.93	$78.56	$0.00	$1,049.38	$2,099.52	-$30.63
2025-07-03	0.00060	0.00000	6.17	0.00	0.00	0.00099	0	0.6426	0.0000	0.64359	$108,896.00	$70,084.73	$69,976.57	81.68%	0.00000	0.00000	$2,574.82	$0.00	0.00%	51,929.44	73.93	$1.00	$52,003.37	60.61%	0.956330185	$18.64	$17.83	0.02%	0	$22.67	$0.00	0.00%	0	36,198.93	0.0053	36,198.93	$1.00	-$36,198.93	-42.19%	0.00	0	0	$1.00	$0.00	0.00%	$121,923.84	$85,798.84	$961.52	$0.00	$128.47	$1,049.38	$2,130.15	$1,089.99
2025-07-02	0.00000	0.00000	0.00	0.00	0.00	0.00099	0	0.642	0.0000	0.64299	$107,582.00	$69,174.49	$69,067.64	81.54%	0.00000	0.00000	$2,447.79	$0.00	0.00%	51,923.27	73.92	$1.00	$51,997.20	61.29%	0.9600619276	$17.55	$16.85	0.02%	0	$21.29	$0.00	0.00%	0	36,244.37	0.0053	36,244.38	$1.00	-$36,244.38	-42.72%	0.00	0	0	$1.00	$0.00	0.00%	$121,007.77	$84,837.31	$593.37	$0.00	$0.00	$920.91	$1,040.16	$593.37
2025-07-01	0.00950	0.00000	17.84	0.00	0.00	0.00099	0	0.642	0.0000	0.64299	$106,658.00	$68,580.37	$68,474.44	81.41%	0.00000	0.00000	$2,442.89	$0.00	0.00%	51,923.27	73.92	$1.00	$51,997.20	61.72%	0.9600619276	$17.38	$16.69	0.02%	0	$21.11	$0.00	0.00%	0	36,244.37	0.0053	36,244.38	$1.00	-$36,244.38	-43.02%	0.00	0	0	$1.00	$0.00	0.00%	$120,414.40	$84,243.94	-$705.79	$0.00	$0.00	$920.91	$446.78	-$705.79
2025-06-30	0.00000	0.00000	0.00	0.00	0.00	0.00099	0	0.6325	0.0000	0.63349	$107,744.00	$68,255.09	$68,148.08	80.35%	0.00000	0.00000	$2,462.61	$0.00	0.00%	51,905.43	73.90	$1.00	$51,979.33	61.19%	0.9597779274	$18.11	$17.38	0.02%	0	$21.98	$0.00	0.00%	0	35,195.05	0.0053	35,195.06	$1.00	-$35,195.06	-41.43%	0.00	0	0	$1.00	$0.00	0.00%	$120,070.89	$84,949.73	-$311.73	$0.00	$0.00	$920.91	$1,152.57	-$311.73
2025-06-29	0.00000	0.00000	0.00	0.00	0.00	0.00099	0	0.6325	0.0000	0.63349	$108,237.00	$68,567.40	$68,459.90	80.42%	0.00000	0.00000	$2,455.16	$0.00	0.00%	51,905.43	73.90	$1.00	$51,979.33	60.96%	0.9597779274	$18.01	$17.29	0.02%	0	$21.85	$0.00	0.00%	0	35,195.05	0.0053	35,195.06	$1.00	-$35,195.06	-41.28%	0.00	0	0	$1.00	$0.00	0.00%	$120,382.62	$85,261.46	$558.63	$0.00	$0.00	$920.91	$1,464.30	$558.63
2025-06-28	0.00000	0.00000	0.00	0.00	0.00	0.00099	0	0.6325	0.0000	0.63349	$107,354.00	$68,008.03	$67,901.41	80.29%	0.00000	0.00000	$2,436.09	$0.00	0.00%	51,905.43	73.90	$1.00	$51,979.33	61.37%	0.9597779274	$17.87	$17.15	0.02%	0	$21.68	$0.00	0.00%	0	35,195.05	0.0053	35,195.06	$1.00	-$35,195.06	-41.55%	0.00	0	0	$1.00	$0.00	0.00%	$119,823.98	$84,702.82	$385.02	$0.00	$0.00	$920.91	$905.67	$385.02
2025-06-27	0.00000	0.00000	0.00	0.00	0.00	0.00099	0	0.6325	0.0000	0.63349	$106,746.00	$67,622.87	$67,516.85	80.20%	0.00000	0.00000	$2,425.95	$0.00	0.00%	51,905.43	73.90	$1.00	$51,979.33	61.65%	0.9597779274	$17.39	$16.69	0.02%	0	$21.03	$0.00	0.00%	0	35,195.05	0.0053	35,195.06	$1.00	-$35,195.06	-41.74%	0.00	0	0	$1.00	$0.00	0.00%	$119,438.96	$84,317.80	-$399.13	$0.00	$0.00	$920.91	$520.65	-$399.13
2025-06-26	0.00000	0.00000	2.84	0.00	0.00	0.00099	0	0.6325	0.0000	0.63349	$107,377.00	$68,022.60	$67,915.95	80.29%	0.00000	0.00000	$2,451.32	$0.00	0.00%	51,905.43	73.90	$1.00	$51,979.33	61.36%	0.9597779274	$17.41	$16.71	0.02%	0	$21.10	$0.00	0.00%	0	35,195.05	0.0053	35,195.06	$1.00	-$35,195.06	-41.54%	0.00	0	0	$1.00	$0.00	0.00%	$119,838.09	$84,716.93	-$16.22	$0.00	$0.00	$920.91	$919.77	-$16.22
2025-06-25	0.00000	0.00000	0.00	0.00	0.00	0.00099	0	0.6325	0.0000	0.63349	$107,394.00	$68,033.37	$67,926.71	80.29%	0.00000	0.00000	$2,432.54	$0.00	0.00%	51,902.59	73.90	$1.00	$51,976.49	61.34%	0.9605572485	$18.02	$17.31	0.02%	0	$21.81	$0.00	0.00%	0	35,187.34	0.0053	35,187.35	$1.00	-$35,187.35	-41.53%	0.00	0	0	$1.00	$0.00	0.00%	$119,846.60	$84,733.15	$1,464.76	$11.36	$0.00	$920.91	$935.99	$1,453.40
2025-06-24	0.01990	0.00000	14.97	0.00	0.00	0.00099	0	0.6325	0.0000	0.63349	$105,096.00	$66,577.60	$66,473.22	79.96%	0.00000	0.00000	$2,423.19	$0.00	0.00%	51,902.59	62.53	$1.00	$51,965.12	62.41%	0.9605572485	$18.11	$17.40	0.02%	0	$21.94	$0.00	0.00%	0	35,187.34	0.0053	35,187.35	$1.00	-$35,187.35	-42.26%	0.00	0	0	$1.00	$0.00	0.00%	$118,393.21	$83,268.39	-$8,648.70	-$8,500.00	$0.00	$920.91	-$517.41	-$148.70
2025-06-23	0.00000	0.00000	0.00	0.00	0.00	0.00099	0	0.6126	0.0000	0.61359	$101,478.00	$62,266.21	$62,165.42	67.74%	0.00000	0.00000	$2,260.82	$0.00	0.00%	51,887.62	6,151.23	$1.00	$58,038.85	63.14%	0.8581634796	$16.99	$14.58	0.02%	0	$20.43	$0.00	0.00%	0	24,696.24	3,605.53	28,301.77	$1.00	-$28,301.77	-30.79%	0.00	0	0	$1.00	$0.00	0.00%	$114,067.62	$91,917.09	-$740.91	$0.00	$101.08	$920.91	-$368.71	-$639.83
2025-06-22	0.00000	0.00000	0.00	0.00	0.00	0.00099	0	0.6126	0.0000	0.61359	$102,688.00	$63,008.66	$62,906.67	68.00%	0.00000	0.00000	$2,275.81	$0.00	0.00%	51,887.62	6,151.23	$1.00	$58,038.85	62.64%	0.8581634796	$16.60	$14.25	0.02%	0	$20.14	$0.00	0.00%	0	24,696.24	3,605.53	28,301.77	$1.00	-$28,301.77	-30.54%	0.00	0	0	$1.00	$0.00	0.00%	$114,808.54	$92,658.00	-$758.65	$0.00	$0.00	$819.83	$271.12	-$758.65
2025-06-21	0.00970	0.00000	1.45	0.00	0.00	0.00099	0	0.6126	0.0000	0.61359	$103,925.00	$63,767.67	$63,664.46	68.26%	0.00000	0.00000	$2,443.70	$0.00	0.00%	51,887.62	6,151.23	$1.00	$58,038.85	62.13%	0.8581634796	$17.61	$15.11	0.02%	0	$21.34	$0.00	0.00%	0	24,696.24	3,605.53	28,301.77	$1.00	-$28,301.77	-30.30%	0.00	0	0	$1.00	$0.00	0.00%	$115,567.19	$93,416.65	-$155.79	$10.95	$0.00	$819.83	$1,029.77	-$166.74
2025-06-20	0.00960	0.00000	3.90	0.00	0.00	0.00099	0	0.6029	0.0000	0.60389	$104,214.00	$62,934.13	$62,830.62	67.26%	0.00000	0.00000	$2,495.99	$0.00	0.00%	51,886.17	5,139.13	$1.00	$57,025.30	60.94%	0.8581634796	$17.82	$15.29	0.02%	0	$21.65	$0.00	0.00%	0	23,693.54	2,605.23	26,298.77	$1.00	-$26,298.77	-28.11%	0.00	0	0	$1.00	$0.00	0.00%	$114,732.08	$93,572.45	-$231.30	$23.24	$0.00	$819.83	$1,196.52	-$254.54
2025-06-19	0.00960	0.00000	6.83	0.00	0.00	0.00099	0	0.5933	0.0000	0.59429	$104,640.00	$62,186.84	$62,082.91	66.29%	0.00000	0.00000	$2,518.42	$0.00	0.00%	51,882.27	5,115.51	$1.00	$56,997.78	60.76%	0.8644775722	$17.90	$15.47	0.02%	0	$21.70	$0.00	0.00%	0	22,687.83	2,604.58	25,292.42	$1.00	-$25,292.42	-26.96%	0.00	0	0	$1.00	$0.00	0.00%	$113,980.65	$93,803.75	$105.42	$79.08	$0.00	$819.83	$1,451.06	$26.34
2025-06-18	0.00960	0.00000	0.00	0.00	0.00	0.00099	0	0.5837	0.0000	0.58469	$104,767.00	$61,256.55	$61,152.50	65.38%	0.00000	0.00000	$2,508.66	$0.00	0.00%	51,875.44	4,949.71	$1.00	$56,825.14	60.65%	0.3896875241	$18.49	$7.21	0.01%	0	$22.43	$0.00	0.00%	0	21,682.55	2,603.96	24,286.51	$1.00	-$24,286.51	-25.92%	0.00	0	0	$1.00	$0.00	0.00%	$113,035.14	$93,698.33	-$588.74	$0.00	$0.00	$819.83	$1,424.72	-$588.74
2025-06-17	0.00950	0.00000	3.62	0.00	0.00	0.00099	0	0.5741	0.0000	0.57509	$105,791.00	$60,839.68	$60,734.61	64.53%	0.00000	0.00000	$2,555.65	$0.00	0.00%	51,875.44	4,949.41	$1.00	$56,824.84	60.27%	0.4590297604	$18.98	$8.71	0.01%	0	$22.93	$0.00	0.00%	0	20,677.73	2,603.37	23,281.10	$1.00	-$23,281.10	-24.69%	0.00	0	0	$1.00	$0.00	0.00%	$112,618.76	$94,287.07	-$978.64	$0.00	$0.00	$819.83	$2,013.46	-$978.64
2025-06-16	0.00000	0.00000	4.11	0.00	0.00	0.00099	0	0.5646	0.0000	0.56559	$107,530.00	$60,818.24	$60,711.44	63.84%	0.00000	0.00000	$2,641.05	$0.00	0.00%	51,871.81	4,949.06	$1.00	$56,820.87	59.64%	0.4634590966	$19.79	$9.17	0.01%	0	$23.90	$0.00	0.00%	0	19,673.02	2,602.75	22,275.77	$1.00	-$22,275.77	-23.38%	0.00	0	0	$1.00	$0.00	0.00%	$112,592.42	$95,265.71	$1,350.25	$0.00	$0.00	$819.83	$2,992.10	$1,350.25
2025-06-15	0.00950	0.00000	5.18	0.00	0.00	0.00099	0	0.5646	0.0000	0.56559	$105,135.00	$59,463.64	$59,359.22	63.32%	0.00000	0.00000	$2,522.18	$0.00	0.00%	51,867.70	4,948.67	$1.00	$56,816.37	60.50%	0.4634590966	$19.00	$8.81	0.01%	0	$22.96	$0.00	0.00%	0	19,666.99	2,601.93	22,268.93	$1.00	-$22,268.93	-23.71%	0.00	0	0	$1.00	$0.00	0.00%	$111,235.73	$93,915.47	$48.24	$0.00	$0.00	$819.83	$1,641.86	$48.24
2025-06-14	0.00000	0.00000	6.83	0.00	0.00	0.00099	0	0.5551	0.0000	0.55609	$105,043.00	$58,413.70	$58,309.37	62.23%	0.00000	0.00000	$2,533.93	$0.00	0.00%	51,862.52	4,948.38	$1.00	$56,810.90	60.52%	0.4634590966	$19.10	$8.85	0.01%	0	$23.08	$0.00	0.00%	0	18,660.53	2,601.37	21,261.90	$1.00	-$21,261.90	-22.65%	0.00	0	0	$1.00	$0.00	0.00%	$110,180.75	$93,867.22	$498.49	$796.40	$0.00	$819.83	$1,593.62	-$297.91
2025-06-13	0.00000	0.00000	0.00	0.00	0.00	0.00099	0	0.5551	0.0000	0.55609	$105,581.00	$58,712.88	$58,608.01	62.88%	0.00000	0.00000	$2,557.13	$0.00	0.00%	51,855.69	3,150.80	$1.00	$55,006.49	58.91%	0.4808110064	$19.34	$9.30	0.01%	0	$23.48	$0.00	0.00%	0	18,645.76	1,600.00	20,245.76	$1.00	-$20,245.76	-21.68%	0.00	0	0	$1.00	$0.00	0.00%	$110,473.01	$93,368.74	-$789.35	$0.00	$0.00	$819.83	$1,891.52	-$789.35
2025-06-12	0.00000	0.00000	1,861.79	0.00	0.00	0.00099	0	0.5551	0.0000	0.55609	$107,003.00	$59,503.64	$59,397.37	63.20%	0.00000	0.00000	$2,747.26	$0.00	0.00%	51,855.69	3,150.80	$1.00	$55,006.49	58.42%	0.4808110064	$21.13	$10.16	0.01%	0	$25.58	$0.00	0.00%	0	18,645.76	1,600.00	20,245.76	$1.00	-$20,245.76	-21.50%	0.00	0	0	$1.00	$0.00	0.00%	$111,263.22	$94,158.09	$625.58	$1,859.00	$0.00	$819.83	$2,680.88	-$1,233.42
2025-06-11	0.00090	0.00000	4.50	0.00	0.00	0.00099	0	0.5551	0.0000	0.55609	$109,230.00	$60,742.06	$60,633.57	64.94%	0.00000	0.00000	$2,770.98	$0.00	0.00%	49,993.91	3,150.80	$1.00	$53,144.70	56.82%	0.4808110064	$21.96	$10.56	0.01%	0	$26.56	$0.00	0.00%	0	18,645.76	1,600.00	20,245.76	$1.00	-$20,245.76	-21.65%	0.00	0	0	$1.00	$0.00	0.00%	$110,638.04	$93,532.51	$1,084.77	$1,109.52	$112.63	$707.20	$3,914.30	$87.87
2025-06-10	0.00000	0.00000	24,992.74	0.00	0.00	0.00099	0	0.5542	0.0000	0.55519	$109,547.00	$60,819.75	$60,710.95	65.79%	0.00000	0.00000	$2,765.02	$0.00	0.00%	49,989.41	440.7919	$1.00	$50,430.20	54.55%	0.3791290192	$22.38	$8.48	0.01%	0	$27.13	$0.00	0.00%	0	18,693.40	0.00	18,693.40	$1.00	-$18,693.40	-20.22%	0.00	0	0	$1.00	$0.00	0.00%	$110,708.84	$92,447.75	$26,016.32	$24,996.00	$0.00	$594.58	$3,826.43	$1,020.32
2025-06-09	0.00000	0.00000	1.75	0.00	0.00	0.00099	0	0.5542	0.0000	0.55519	$107,695.00	$59,791.53	$59,684.57	90.00%	0.00000	0.00000	$2,540.51	$0.00	0.00%	24,996.66	440.7725	$1.00	$25,437.44	38.29%	0.3791290192	$20.81	$7.89	0.01%	0	$25.28	$0.00	0.00%	0	18,690.58	0.00	18,690.58	$1.00	-$18,690.58	-28.14%	0.00	0	0	$1.00	$0.00	0.00%	$84,689.12	$66,431.43	$1,147.24	$0.00	$0.00	$594.58	$2,806.11	$1,147.24
2025-06-08	0.00000	0.00000	2.54	0.00	0.00	0.00099	0	0.5542	0.0000	0.55519	$105,619.00	$58,638.95	$58,534.05	89.82%	0.00000	0.00000	$2,508.02	$0.00	0.00%	24,994.91	440.7416	$1.00	$25,435.66	38.96%	0.3791290192	$20.43	$7.75	0.01%	0	$24.73	$0.00	0.00%	0	18,685.52	0.00	18,685.52	$1.00	-$18,685.52	-28.62%	0.00	0	0	$1.00	$0.00	0.00%	$83,536.71	$65,284.18	$208.00	$0.00	$0.00	$594.58	$1,658.87	$208.00
2025-06-07	0.00000	0.00000	1.46	0.00	0.00	0.00099	0	0.5542	0.0000	0.55519	$105,236.00	$58,426.31	$58,321.79	89.78%	0.00000	0.00000	$2,496.32	$0.00	0.00%	24,992.38	440.714305	$1.00	$25,433.09	39.08%	0.3791290192	$21.01	$7.97	0.01%	0	$25.39	$0.00	0.00%	0	18,678.70	0.00	18,678.70	$1.00	-$18,678.70	-28.70%	0.00	0	0	$1.00	$0.00	0.00%	$83,322.14	$65,076.19	$578.01	$440.71	$0.00	$594.58	$1,450.87	$137.30
2025-06-06	0.17440	0.00000	24,990.92	0.00	0.00	0.00099	0	0.5542	0.0000	0.55519	$103,992.00	$57,735.65	$57,632.37	89.52%	0.00000	0.00000	$2,478.62	$0.00	0.00%	24,990.92	0.00	$1.00	$24,990.92	38.75%	0.3809982223	$19.40	$7.39	0.01%	0	$23.46	$0.00	0.00%	0	18,125.11	0.00	18,125.11	$1.00	-$18,125.11	-28.10%	0.00	0	0	$1.00	$0.00	0.00%	$82,630.67	$64,498.17	$24,564.73	$24,450.00	$0.00	$594.58	$1,313.57	$114.73
2025-06-05	0.02770	0.00000	0.00	0.00	0.00	0.00099	0	0.7116	0.3318	0.38079	$104,851.00	$39,926.55	$39,822.41	99.98%	0.00000	0.00000	$2,607.82	$0.00	0.00%	0.00	0.00	$1.00	$0.00	0.00%	0.4466890686	$20.15	$9.00	0.02%	4.565457152	$24.32	$111.03	0.28%	0	0.00	0.00	0.00	$1.00	$0.00	0.00%	0.00	0	0	$1.00	$0.00	0.00%	$39,942.44	$39,933.44	$2,842.36	$2,907.53	$0.00	$594.58	$1,198.84	-$65.17
2025-06-04	0.00000	0.00000	0.00	0.00	0.00	0.00099	0	0.6839	0.3318	0.35309	$105,013.00	$37,079.38	$36,975.08	99.97%	0.00000	0.00000	$2,624.58	$0.00	0.00%	0.00	0.00	$1.00	$0.00	0.00%	0.4466890686	$20.99	$9.38	0.03%	4.565457152	$25.41	$116.01	0.31%	0	0.00	0.00	0.00	$1.00	$0.00	0.00%	0.00	0	0	$1.00	$0.00	0.00%	$37,100.46	$37,091.09	-$127.90	$0.00	$0.00	$594.58	$1,264.02	-$127.90
2025-06-03	0.00000	0.00000	0.00	0.00	0.00	0.00099	0	0.6839	0.3318	0.35309	$105,373.00	$37,206.49	$37,101.83	99.97%	0.00000	0.00000	$2,607.89	$0.00	0.00%	0.00	0.00	$1.00	$0.00	0.00%	0.4466890686	$21.21	$9.47	0.03%	4.565457152	$25.66	$117.15	0.31%	0	0.00	0.00	0.00	$1.00	$0.00	0.00%	0.00	0	0	$1.00	$0.00	0.00%	$37,228.46	$37,218.98	$438.46	$0.00	$0.00	$594.58	$1,391.91	$438.46
2025-06-02	0.01860	0.00000	-1,931.68	0.00	0.00	0.00099	0	0.6839	0.3318	0.35309	$104,142.00	$36,771.83	$36,668.40	99.98%	0.00000	0.00000	$2,483.14	$0.00	0.00%	0.00	0.00	$1.00	$0.00	0.00%	0.4472823598	$20.31	$9.08	0.02%	4.5655	$24.56	$112.13	0.30%	0	0.00	0.00	0.00	$1.00	$0.00	0.00%	0.00	0	0	$1.00	$0.00	0.00%	$36,789.61	$36,780.53	$9.53	$0.00	$0.00	$594.58	$953.46	$9.53
2025-06-01	0.00000	0.00000	0.00	0.00	0.00	0.00099	0	0.6653	0.3318	0.33449	$104,128.00	$34,830.11	$34,726.69	94.72%	0.00000	0.00000	$2,497.29	$0.00	0.00%	1,931.68	0.00	$1.00	$1,931.68	5.25%	0.4523432931	$20.39	$9.22	0.03%	4.5655	$24.67	$112.63	0.31%	0	0.00	0.00	0.00	$1.00	$0.00	0.00%	0.00	0	0	$1.00	$0.00	0.00%	$36,780.22	$36,771.00	-$2.58	$0.00	$0.00	$594.58	$943.93	-$2.58
2025-05-31	0.00000	0.00000	0.00	0.00	0.00	0.00099	0	0.6653	0.3318	0.33449	$104,133.00	$34,831.78	$34,728.36	94.72%	0.00000	0.00000	$2,533.73	$0.00	0.00%	1,931.68	0.00	$1.00	$1,931.68	5.25%	0.4523432931	$20.61	$9.32	0.03%	4.5655	$24.87	$113.54	0.31%	0	0.00	0.00	0.00	$1.00	$0.00	0.00%	0.00	0	0	$1.00	$0.00	0.00%	$36,782.90	$36,773.58	-$532.62	$0.00	$0.00	$594.58	$946.51	-$532.62
2025-05-30	0.00000	0.00000	0.00	0.00	0.00	0.00099	0	0.6653	0.3318	0.33449	$105,712.00	$35,359.95	$35,254.95	94.78%	0.00000	0.00000	$2,612.99	$0.00	0.00%	1,931.68	0.00	$1.00	$1,931.68	5.18%	0.4523432931	$21.72	$9.82	0.03%	4.5655	$26.19	$119.57	0.32%	0	0.00	0.00	0.00	$1.00	$0.00	0.00%	0.00	0	0	$1.00	$0.00	0.00%	$37,316.02	$37,306.20	-$422.51	$0.00	$0.00	$594.58	$1,479.13	-$422.51
2025-05-29	0.00940	0.00000	-2,999.37	0.00	0.00	0.00099	0	0.6653	0.3318	0.33449	$106,960.00	$35,777.39	$35,671.16	94.83%	0.00000	0.00000	$2,645.95	$0.00	0.00%	1,931.68	0.00	$1.00	$1,931.68	5.12%	0.4523432931	$22.79	$10.31	0.03%	4.5655	$27.57	$125.87	0.33%	0	0.00	0.00	0.00	$1.00	$0.00	0.00%	0.00	0	0	$1.00	$0.00	0.00%	$37,739.02	$37,728.71	-$3,148.78	-$2,529.44	$0.00	$594.58	$1,901.64	-$619.34
2025-05-28	0.00000	0.00000	0.00	0.00	0.00	0.00099	0	0.6559	0.3318	0.32509	$108,865.00	$35,391.27	$35,283.15	86.58%	0.19970	0.00000	$2,666.92	$532.58	1.30%	4,931.05	0.00	$1.00	$4,931.05	12.06%	0.4553291414	$23.55	$10.72	0.03%	4.5655	$28.63	$130.71	0.32%	0	0.00	0.00	0.00	$1.00	$0.00	0.00%	0.00	0	0	$1.00	$0.00	0.00%	$40,888.21	$40,877.49	-$492.81	$0.00	$0.00	$594.58	$2,520.98	-$492.81
2025-05-27	0.00000	0.00000	0.58	0.00	0.00	0.00099	0	0.6559	0.3318	0.32509	$110,383.00	$35,884.76	$35,775.13	86.74%	0.19970	0.00000	$2,667.87	$532.77	1.29%	4,931.05	0.00	$1.00	$4,931.05	11.92%	0.4553291414	$23.73	$10.80	0.03%	4.5655	$28.77	$131.35	0.32%	0	0.00	0.00	0.00	$1.00	$0.00	0.00%	0.00	0	0	$1.00	$0.00	0.00%	$41,381.11	$41,370.30	$209.35	$0.00	$0.00	$594.58	$3,013.80	$209.35
2025-05-26	-0.09180	0.00000	0.17	0.00	0.00	0.00099	0	0.6559	0.3318	0.32509	$109,805.00	$35,696.86	$35,587.80	86.73%	0.19969	0.00000	$2,565.18	$512.24	1.24%	4,930.47	0.00	$1.00	$4,930.47	11.98%	0.4701330764	$23.63	$11.11	0.03%	4.565456217	$28.57	$130.44	0.32%	0	0.00	0.00	0.00	$1.00	$0.00	0.00%	0.00	0	0	$1.00	$0.00	0.00%	$41,172.06	$41,160.95	-$9,103.23	-$10,074.66	$0.00	$594.58	$2,804.45	$971.43
2025-05-25	-0.00417	0.00000	4,930.30	0.00	-4,929.93	0.00099	0	0.6559	0.2400	0.41689	$107,501.00	$44,816.44	$44,709.67	89.16%	0.19968	0.00000	$2,509.42	$501.09	1.00%	4,930.30	0.00	$1.00	$4,930.30	9.81%	0.4748165549	$22.42	$10.65	0.02%	4.565456014	$26.97	$123.13	0.24%	0	0.00	0.00	0.00	$1.00	$0.00	0.00%	0.00	0	0	$1.00	$0.00	0.00%	$50,274.83	$50,264.19	$45,206.38	$45,221.52	$0.00	$594.58	$1,833.02	-$15.14
2025-05-24	0.00000	0.00000	0.00	0.00	51.68	0.42106	0	0	0	0.42106	$108,855.00	$45,834.50	$0.00	906.21%	0.00000	0.00000	$2,559.19	$0.00	0.00%	0.00	0.00	$1.00	$0.00	0.00%	0.4748165549	$23.19	$11.01	0.22%	4.565456014	$28.01	$127.88	2.53%	4929.92889	0.00	0.00	0.00	$1.00	$4,929.93	97.47%	0.00	0	0	$1.00	$0.00	0.00%	$5,068.82	$5,057.81	$43.28	$50.72	$0.00	$594.58	$1,848.16	-$7.43
2025-05-23	0.00000	0.00000	0.00	0.00	2,011.84	0.42106	0	0	0	0.42106	$109,800.00	$46,232.40	$0.00	921.97%	0.00000	0.00000	$2,579.83	$0.00	0.00%	0.00	0.00	$1.00	$0.00	0.00%	0.4761511743	$24.77	$11.79	0.24%	4.565455913	$29.85	$136.28	2.72%	4878.244004	0.00	0.00	0.00	$1.00	$4,878.24	97.28%	0.00	0	0	$1.00	$0.00	0.00%	$5,026.32	$5,014.52	$2,009.70	$2,010.85	$0.00	$594.58	$1,855.59	-$1.15
2025-05-22	0.00000	0.00000	0.00	0.00	599.21	0.42106	0	0	0	0.42106	$111,192.00	$46,818.51	$0.00	1558.11%	0.00000	0.00000	$2,647.84	$0.00	0.00%	0.00	0.00	$1.00	$0.00	0.00%	0.4761511743	$25.14	$11.97	0.40%	4.56545584	$30.32	$138.42	4.61%	2866.401206	0.00	0.00	0.00	$1.00	$2,866.40	95.39%	0.00	0	0	$1.00	$0.00	0.00%	$3,016.80	$3,004.83	$612.91	$598.64	$0.00	$594.58	$1,856.75	$14.26
2025-05-21	0.00000	0.00000	0.00	0.00	734.64	0.42106	0	0	0	0.42106	$106,467.00	$44,829.01	$0.00	1874.19%	0.00000	0.00000	$2,532.39	$0.00	0.00%	0.00	0.00	$1.00	$0.00	0.00%	0.4776011446	$22.62	$10.80	0.45%	4.565455576	$27.32	$124.73	5.21%	2267.191599	0.00	0.00	0.00	$1.00	$2,267.19	94.79%	0.00	0	0	$1.00	$0.00	0.00%	$2,402.72	$2,391.92	$737.02	$734.29	$0.00	$594.58	$1,842.48	$2.72
2025-05-20	0.00000	0.00000	0.00	0.00	0.00	0.42106	0	0	0	0.42106	$105,165.00	$44,280.79	$0.00	2675.73%	0.00000	0.00000	$2,482.56	$0.00	0.00%	0.00	0.00	$1.00	$0.00	0.00%	0.4776011446	$22.14	$10.57	0.64%	4.565455108	$26.80	$122.35	7.39%	1532.550319	0.00	0.00	0.00	$1.00	$1,532.55	92.61%	0.00	0	0	$1.00	$0.00	0.00%	$1,665.48	$1,654.90	$3.74	$0.00	$0.00	$594.58	$1,839.76	$3.74
2025-05-19	0.00000	0.00000	0.00	0.00	0.00	0.42106	0	0	0	0.42106	$102,446.00	$43,135.92	$0.00	2612.46%	0.00000	0.00000	$2,399.66	$0.00	0.00%	0.00	0.00	$1.00	$0.00	0.00%	0.4776011446	$21.55	$10.29	0.62%	4.565455108	$25.98	$118.61	7.18%	1532.550319	0.00	0.00	0.00	$1.00	$1,532.55	92.82%	0.00	0	0	$1.00	$0.00	0.00%	$1,661.45	$1,651.16	-$8.26	$0.00	$0.00	$594.58	$1,836.02	-$8.26
2025-05-18	0.00000	0.00000	0.00	0.00	0.12	0.42106	0	0	0	0.42106	$103,831.00	$43,719.09	$0.00	2634.59%	0.00000	0.00000	$2,502.93	$0.00	0.00%	0.00	0.00	$1.00	$0.00	0.00%	0.4776011446	$22.93	$10.95	0.66%	4.565455108	$27.79	$126.87	7.65%	1532.550319	0.00	0.00	0.00	$1.00	$1,532.55	92.35%	0.00	0	0	$1.00	$0.00	0.00%	$1,670.38	$1,659.42	$1.40	$0.00	$0.00	$594.58	$1,844.28	$1.40
2025-05-17	0.00000	0.00000	0.00	0.00	100.56	0.42106	0	0	0	0.42106	$102,996.00	$43,367.51	$0.00	2615.61%	0.00000	0.00000	$2,482.91	$0.00	0.00%	0.00	0.00	$1.00	$0.00	0.00%	0.4776011446	$22.79	$10.88	0.66%	4.565454967	$27.51	$125.60	7.58%	1532.432124	0.00	0.00	0.00	$1.00	$1,532.43	92.42%	0.00	0	0	$1.00	$0.00	0.00%	$1,668.91	$1,658.03	$94.58	$100.45	$0.00	$594.58	$1,842.88	-$5.87
2025-05-16	0.00000	0.00000	0.00	0.00	0.13	0.42106	0	0	0	0.42106	$103,657.00	$43,645.83	$0.00	2791.65%	0.00000	0.00000	$2,605.11	$0.00	0.00%	0.00	0.00	$1.00	$0.00	0.00%	0.4776011446	$23.76	$11.35	0.73%	4.565454856	$28.82	$131.58	8.42%	1431.867225	0.00	0.00	0.00	$1.00	$1,431.87	91.58%	0.00	0	0	$1.00	$0.00	0.00%	$1,574.79	$1,563.44	-$0.60	$0.00	$0.00	$594.58	$1,848.75	-$0.60
2025-05-15	0.00000	0.00000	0.00	0.00	88.88	0.42106	0	0	0	0.42106	$102,668.00	$43,229.40	$0.00	2763.94%	0.00000	0.00000	$2,561.80	$0.00	0.00%	0.00	0.00	$1.00	$0.00	0.00%	0.4776011446	$23.96	$11.44	0.73%	4.56545474	$28.98	$132.31	8.46%	1431.741412	0.00	0.00	0.00	$1.00	$1,431.74	91.54%	0.00	0	0	$1.00	$0.00	0.00%	$1,575.49	$1,564.05	$78.74	$88.74	$0.00	$594.58	$1,849.36	-$9.99
2025-05-14	0.00000	0.00000	0.00	0.00	212.05	0.42106	0	0	0	0.42106	$104,070.00	$43,819.72	$0.00	2950.22%	0.00000	0.00000	$2,623.33	$0.00	0.00%	0.00	0.00	$1.00	$0.00	0.00%	0.4775885646	$25.84	$12.34	0.83%	4.565454601	$31.20	$142.44	9.59%	1342.862333	0.00	0.00	0.00	$1.00	$1,342.86	90.41%	0.00	0	0	$1.00	$0.00	0.00%	$1,497.65	$1,485.30	$218.40	$211.92	$0.00	$594.58	$1,859.35	$6.48
2025-05-13	0.00000	0.00000	0.00	0.00	418.66	0.42106	0	0	0	0.42106	$103,660.00	$43,647.09	$0.00	3445.17%	0.00000	0.00000	$2,521.24	$0.00	0.00%	0.00	0.00	$1.00	$0.00	0.00%	0.4776011446	$24.57	$11.73	0.93%	4.565454461	$29.81	$136.10	10.74%	1130.810493	0.00	0.00	0.00	$1.00	$1,130.81	89.26%	0.00	0	0	$1.00	$0.00	0.00%	$1,278.64	$1,266.91	$416.65	$418.44	$0.00	$594.58	$1,852.87	-$1.78
2025-05-12	0.00000	0.00000	0.00	0.00	0.00	0.42106	0	0	0	0.42106	$104,060.00	$43,815.51	$0.00	5153.24%	0.00000	0.00000	$2,547.97	$0.00	0.00%	0.00	0.00	$1.00	$0.00	0.00%	0.4776011446	$25.17	$12.02	1.41%	4.56545432	$30.25	$138.10	16.24%	712.1471	0.00	0.00	0.00	$1.00	$712.15	83.76%	0.00	0	0	$1.00	$0.00	0.00%	$862.27	$850.25	$1.73	$0.00	$0.00	$594.58	$1,854.65	$1.73
2025-05-11	0.00000	0.00000	0.00	0.00	0.04	0.42106	0	0	0	0.42106	$104,742.00	$44,102.68	$0.00	5197.62%	0.00000	0.00000	$2,522.39	$0.00	0.00%	0.00	0.00	$1.00	$0.00	0.00%	0.4776011446	$24.79	$11.84	1.40%	4.56545432	$29.87	$136.37	16.07%	712.1471	0.00	0.00	0.00	$1.00	$712.15	83.93%	0.00	0	0	$1.00	$0.00	0.00%	$860.36	$848.52	-$2.28	$0.00	$0.00	$594.58	$1,852.92	-$2.28
2025-05-10	0.00000	0.00000	0.00	0.00	129.87	0.42106	0	0	0	0.42106	$104,107.00	$43,835.30	$0.00	5152.24%	0.00000	0.00000	$2,531.96	$0.00	0.00%	0.00	0.00	$1.00	$0.00	0.00%	0.4782015296	$25.19	$12.05	1.42%	4.565454293	$30.38	$138.70	16.30%	712.102397	0.00	0.00	0.00	$1.00	$712.10	83.70%	0.00	0	0	$1.00	$0.00	0.00%	$862.85	$850.80	$139.96	$129.86	$0.00	$594.58	$1,855.20	$10.10
2025-05-09	0.00000	0.00000	0.00	0.00	-212.54	0.42106	0	0	0	0.42106	$102,932.00	$43,340.56	$0.00	6097.07%	0.00000	0.00000	$2,334.37	$0.00	0.00%	0.00	0.00	$1.00	$0.00	0.00%	0.4793943484	$23.36	$11.20	1.58%	4.565453823	$28.17	$128.61	18.09%	582.233775	0.00	0.00	0.00	$1.00	$582.23	81.91%	0.00	0	0	$1.00	$0.00	0.00%	$722.04	$710.84	-$198.11	-$212.71	$0.00	$594.58	$1,845.11	$14.59
2025-05-08	0.00000	0.00000	0.00	0.00	0.16	0.42106	0	0	0	0.42106	$99,454.00	$41,876.11	$0.00	4607.06%	0.00000	0.00000	$1,977.22	$0.00	0.00%	0.00	0.00	$1.00	$0.00	0.00%	0.4799113637	$20.75	$9.96	1.10%	4.565453264	$25.01	$114.18	12.56%	794.774191	0.00	0.00	0.00	$1.00	$794.77	87.44%	0.00	0	0	$1.00	$0.00	0.00%	$918.91	$908.96	$5.87	$0.00	$0.00	$594.58	$1,830.51	$5.87
2025-05-07	0.00000	0.00000	0.00	0.00	0.10	0.42106	0	0	0	0.42106	$97,017.00	$40,849.99	$0.00	4523.36%	0.00000	0.00000	$1,830.80	$0.00	0.00%	0.00	0.00	$1.00	$0.00	0.00%	0.4799113637	$19.68	$9.44	1.05%	4.565452618	$23.76	$108.48	12.01%	794.61431	0.00	0.00	0.00	$1.00	$794.61	87.99%	0.00	0	0	$1.00	$0.00	0.00%	$912.53	$903.09	$0.92	$0.00	$0.00	$594.58	$1,824.65	$0.92
2025-05-06	0.00000	0.00000	0.00	0.00	0.09	0.42106	0	0	0	0.42106	$93,945.00	$39,556.49	$0.00	4384.59%	0.00000	0.00000	$1,775.09	$0.00	0.00%	0.00	0.00	$1.00	$0.00	0.00%	0.4799113637	$19.56	$9.39	1.04%	4.565452541	$23.58	$107.65	11.93%	794.517742	0.00	0.00	0.00	$1.00	$794.52	88.07%	0.00	0	0	$1.00	$0.00	0.00%	$911.56	$902.17	$0.18	$0.00	$0.00	$594.58	$1,823.73	$0.18
2025-05-05	0.00000	0.00000	0.00	0.00	431.77	0.42106	0	0	0	0.42106	$94,365.00	$39,733.34	$0.00	4405.06%	0.00000	0.00000	$1,805.93	$0.00	0.00%	0.00	0.00	$1.00	$0.00	0.00%	0.4799113637	$19.55	$9.38	1.04%	4.565452472	$23.56	$107.56	11.92%	794.43082	0.00	0.00	0.00	$1.00	$794.43	88.08%	0.00	0	0	$1.00	$0.00	0.00%	$911.38	$901.99	$428.71	$431.71	$0.00	$594.58	$1,823.55	-$2.99
2025-05-04	0.00000	0.00000	0.00	0.00	64.94	0.42106	0	0	0	0.42106	$95,469.00	$40,198.19	$0.00	8493.54%	0.00000	0.00000	$1,830.27	$0.00	0.00%	0.00	0.00	$1.00	$0.00	0.00%	0.4807703463	$20.10	$9.66	2.04%	4.565452398	$24.23	$110.62	23.37%	362.658508	0.00	0.00	0.00	$1.00	$362.66	76.63%	0.00	0	0	$1.00	$0.00	0.00%	$482.94	$473.28	$62.84	$64.90	$0.00	$594.58	$1,826.54	-$2.06
2025-05-03	0.00000	0.00000	0.00	0.00	0.15	0.42106	0	0	0	0.42106	$95,871.00	$40,367.45	$0.00	9835.29%	0.00000	0.00000	$1,834.50	$0.00	0.00%	0.00	0.00	$1.00	$0.00	0.00%	0.481212158	$20.48	$9.86	2.40%	4.565452162	$24.69	$112.72	27.46%	297.713718	0.00	0.00	0.00	$1.00	$297.71	72.54%	0.00	0	0	$1.00	$0.00	0.00%	$420.29	$410.43	-$4.19	$0.00	$0.00	$594.58	$1,828.60	-$4.19
2025-05-02	0.00000	0.00000	0.00	0.00	0.00	0.42106	0	0	0	0.42106	$96,984.00	$40,836.09	$0.00	9848.89%	0.00000	0.00000	$1,833.62	$0.00	0.00%	0.00	0.00	$1.00	$0.00	0.00%	0.481212158	$21.31	$10.25	2.47%	4.565451713	$25.64	$117.06	28.23%	297.568369	0.00	0.00	0.00	$1.00	$297.57	71.77%	0.00	0	0	$1.00	$0.00	0.00%	$424.88	$414.63	$0.00	$0.00	$0.00	$594.58	$1,832.79	$0.00
2025-05-01	0.00000	0.00000	0.00	0.00	0.00	0.42106	0	0	0	0.42106	$96,174.00	$40,495.03	$0.00	9766.63%	0.00000	0.00000	$1,836.30	$0.00	0.00%	0.00	0.00	$1.00	$0.00	0.00%	0.481212158	$21.29	$10.25	2.47%	4.565451713	$25.64	$117.06	28.23%	297.568369	0.00	0.00	0.00	$1.00	$297.57	71.77%	0.00	0	0	$1.00	$0.00	0.00%	$424.87	$414.63	-$2.19	$0.00	$0.00	$594.58	$1,832.79	-$2.19
2025-04-30	0.00000	0.00000	0.00	0.00	161.40	0.42106	0	0	0	0.42106	$95,168.00	$40,071.45	$0.00	9613.66%	0.00000	0.00000	$1,814.88	$0.00	0.00%	0.00	0.00	$1.00	$0.00	0.00%	0.481212158	$21.64	$10.41	2.50%	4.565451713	$26.12	$119.25	28.61%	297.568369	0.00	0.00	0.00	$1.00	$297.57	71.39%	0.00	0	0	$1.00	$0.00	0.00%	$427.23	$416.82	$159.62	$161.36	$0.00	$594.58	$1,834.98	-$1.74
2025-04-29	0.00000	0.00000	0.00	0.00	0.00	0.42106	0	0	0	0.42106	$94,979.00	$39,991.87	$0.00	15549.19%	0.00000	0.00000	$1,829.45	$0.00	0.00%	0.00	0.00	$1.00	$0.00	0.00%	0.4832504422	$22.02	$10.64	4.14%	4.565451421	$26.51	$121.03	47.06%	136.165788	0.00	0.00	0.00	$1.00	$136.17	52.94%	0.00	0	0	$1.00	$0.00	0.00%	$267.84	$257.20	-$0.68	$0.00	$0.00	$594.58	$1,836.72	-$0.68
2025-04-28	0.00000	0.00000	-4,233.07	0.00	-766.75	0.42106	0	0	0	0.42106	$95,338.00	$40,143.03	$0.00	15566.51%	0.00000	0.00000	$1,810.52	$0.00	0.00%	0.00	0.00	$1.00	$0.00	0.00%	0.4832504422	$22.16	$10.71	4.15%	4.565451421	$26.66	$121.71	47.20%	136.165788	0.00	0.00	0.00	$1.00	$136.17	52.80%	0.00	0	0	$1.00	$0.00	0.00%	$268.59	$257.88	-$4,999.37	-$5,000.42	$0.00	$594.58	$1,837.41	$1.06
2025-04-27	0.00000	0.00000	1.46	0.00	79.68	0.42106	0	0	0	0.42106	$93,886.00	$39,531.65	$0.00	751.95%	0.00000	0.00000	$1,804.50	$0.00	0.00%	4,233.07	0.00	$1.00	$4,233.07	80.52%	0.4832504422	$22.08	$10.67	0.20%	4.565451258	$26.56	$121.26	2.31%	902.920727	0.00	0.00	0.00	$1.00	$902.92	17.17%	0.00	0	0	$1.00	$0.00	0.00%	$5,267.92	$5,257.25	$82.41	$79.19	$0.00	$594.58	$1,836.35	$3.22
2025-04-26	0.00000	0.00000	0.00	0.00	0.00	0.42106	0	0	0	0.42106	$94,117.00	$39,628.91	$0.00	765.80%	0.00000	0.00000	$1,791.39	$0.00	0.00%	4,231.61	0.00	$1.00	$4,231.61	81.77%	0.4836835686	$21.85	$10.57	0.20%	4.565450871	$26.28	$119.98	2.32%	823.24538	0.00	0.00	0.00	$1.00	$823.25	15.91%	0.00	0	0	$1.00	$0.00	0.00%	$5,185.41	$5,174.84	-$2.74	$0.00	$0.00	$594.58	$1,833.13	-$2.74
2025-04-25	0.00000	0.00000	0.00	0.00	0.00	0.42106	0	0	0	0.42106	$94,392.00	$39,744.70	$0.00	767.63%	0.00000	0.00000	$1,772.49	$0.00	0.00%	4,231.61	0.00	$1.00	$4,231.61	81.73%	0.4836835686	$22.30	$10.79	0.21%	4.565450871	$26.88	$122.72	2.37%	823.24538	0.00	0.00	0.00	$1.00	$823.25	15.90%	0.00	0	0	$1.00	$0.00	0.00%	$5,188.36	$5,177.58	$2.42	$0.00	$0.00	$594.58	$1,835.87	$2.42
2025-04-24	0.00000	0.00000	0.00	0.00	0.00	0.42106	0	0	0	0.42106	$92,510.00	$38,952.27	$0.00	752.68%	0.00000	0.00000	$1,750.46	$0.00	0.00%	4,231.61	0.00	$1.00	$4,231.61	81.77%	0.4836835686	$21.95	$10.62	0.21%	4.565450871	$26.35	$120.30	2.32%	823.24538	0.00	0.00	0.00	$1.00	$823.25	15.91%	0.00	0	0	$1.00	$0.00	0.00%	$5,185.77	$5,175.16	-$4.61	$0.00	$0.00	$594.58	$1,833.45	-$4.61
2025-04-23	0.00000	0.00000	0.54	0.00	0.15	0.42106	0	0	0	0.42106	$93,704.00	$39,455.02	$0.00	761.71%	0.00000	0.00000	$1,810.56	$0.00	0.00%	4,231.61	0.00	$1.00	$4,231.61	81.70%	0.4836835686	$22.76	$11.01	0.21%	4.565450871	$27.36	$124.91	2.41%	823.24538	0.00	0.00	0.00	$1.00	$823.25	15.89%	0.00	0	0	$1.00	$0.00	0.00%	$5,190.78	$5,179.77	$13.52	$0.00	$0.00	$594.58	$1,838.06	$13.52
2025-04-22	0.00000	0.00000	0.00	0.00	0.00	0.42106	0	0	0	0.42106	$88,727.00	$37,359.40	$0.00	723.14%	0.00000	0.00000	$1,633.36	$0.00	0.00%	4,231.07	0.00	$1.00	$4,231.07	81.90%	0.4845243405	$20.41	$9.89	0.19%	4.565450809	$24.55	$112.08	2.17%	823.09729	0.00	0.00	0.00	$1.00	$823.10	15.93%	0.00	0	0	$1.00	$0.00	0.00%	$5,176.14	$5,166.25	-$0.96	$0.00	$0.00	$594.58	$1,824.54	-$0.96
2025-04-21	0.00000	0.00000	1.20	0.00	513.81	0.42106	0	0	0	0.42106	$87,269.00	$36,745.49	$0.00	711.13%	0.00000	0.00000	$1,629.20	$0.00	0.00%	4,231.07	0.00	$1.00	$4,231.07	81.88%	0.4845243405	$20.59	$9.98	0.19%	4.565450809	$24.76	$113.04	2.19%	823.09729	0.00	0.00	0.00	$1.00	$823.10	15.93%	0.00	0	0	$1.00	$0.00	0.00%	$5,177.18	$5,167.21	$521.94	$513.59	$0.00	$594.58	$1,825.50	$8.35
2025-04-20	0.00000	0.00000	0.00	0.00	0.00	0.42106	0	0	0	0.42106	$84,213.00	$35,458.73	$0.00	763.33%	0.00000	0.00000	$1,574.29	$0.00	0.00%	4,229.87	0.00	$1.00	$4,229.87	91.06%	0.48501	$19.34	$9.38	0.20%	4.56545072	$23.24	$106.10	2.28%	309.290329	0.00	0.00	0.00	$1.00	$309.29	6.66%	0.00	0	0	$1.00	$0.00	0.00%	$4,654.64	$4,645.26	-$0.87	$0.00	$0.00	$594.58	$1,817.14	-$0.87
2025-04-19	0.00000	0.00000	0.00	0.00	0.00	0.42106	0	0	0	0.42106	$85,210.00	$35,878.53	$0.00	772.22%	0.00000	0.00000	$1,596.54	$0.00	0.00%	4,229.87	0.00	$1.00	$4,229.87	91.04%	0.48501	$19.50	$9.46	0.20%	4.56545072	$23.43	$106.97	2.30%	309.290329	0.00	0.00	0.00	$1.00	$309.29	6.66%	0.00	0	0	$1.00	$0.00	0.00%	$4,655.59	$4,646.13	$2.05	$0.00	$0.00	$594.58	$1,818.01	$2.05
2025-04-18	0.00000	0.00000	0.00	0.00	0.00	0.42106	0	0	0	0.42106	$84,628.00	$35,633.47	$0.00	767.29%	0.00000	0.00000	$1,593.04	$0.00	0.00%	4,229.87	0.00	$1.00	$4,229.87	91.08%	0.48501	$19.11	$9.27	0.20%	4.56545072	$22.98	$104.91	2.26%	309.290329	0.00	0.00	0.00	$1.00	$309.29	6.66%	0.00	0	0	$1.00	$0.00	0.00%	$4,653.34	$4,644.07	-$1.00	$0.00	$0.00	$594.58	$1,815.96	-$1.00
2025-04-17	0.00000	0.00000	0.25	0.00	309.29	0.42106	0	0	0	0.42106	$84,786.00	$35,700.00	$0.00	768.56%	0.00000	0.00000	$1,599.73	$0.00	0.00%	4,229.87	0.00	$1.00	$4,229.87	91.06%	0.48501	$19.31	$9.37	0.20%	4.56545072	$23.20	$105.92	2.28%	309.290329	0.00	0.00	0.00	$1.00	$309.29	6.66%	0.00	0	0	$1.00	$0.00	0.00%	$4,654.44	$4,645.08	$311.60	$309.29	$0.00	$594.58	$1,816.96	$2.30
2025-04-16	0.00000	0.00000	0.86	0.00	0.00	0.42106	0	0	0	0.42106	$83,942.00	$35,344.63	$0.00	815.62%	0.00000	0.00000	$1,575.63	$0.00	0.00%	4,229.62	0.00	$1.00	$4,229.62	97.60%	0.48501	$18.89	$9.16	0.21%	4.565450707	$22.75	$103.86	2.40%	0.00	0.00	0.00	0.00	$1.00	$0.00	0.00%	0.00	0	0	$1.00	$0.00	0.00%	$4,342.64	$4,333.48	-$6.03	$0.00	$0.00	$594.58	$1,814.66	-$6.03
2025-04-15	0.00000	0.00000	0.00	0.00	0.00	0.42106	0	0	0	0.42106	$86,227.00	$36,306.75	$0.00	836.66%	0.00000	0.00000	$1,650.95	$0.00	0.00%	4,228.75	0.00	$1.00	$4,228.75	97.45%	0.48501	$20.13	$9.76	0.22%	4.565450638	$24.26	$110.76	2.55%	0.00	0.00	0.00	0.00	$1.00	$0.00	0.00%	0.00	0	0	$1.00	$0.00	0.00%	$4,349.27	$4,339.51	-$1.05	$0.00	$0.00	$594.58	$1,820.69	-$1.05
2025-04-14	0.00000	0.00000	0.67	0.00	0.00	0.42106	0	0	0	0.42106	$84,844.00	$35,724.42	$0.00	823.04%	0.00000	0.00000	$1,671.16	$0.00	0.00%	4,228.75	0.00	$1.00	$4,228.75	97.42%	0.48501	$20.42	$9.90	0.23%	4.565450638	$24.49	$111.81	2.58%	0.00	0.00	0.00	0.00	$1.00	$0.00	0.00%	0.00	0	0	$1.00	$0.00	0.00%	$4,350.47	$4,340.56	$3.32	$0.00	$0.00	$594.58	$1,821.74	$3.32
2025-04-13	0.00000	0.00000	0.00	0.00	0.00	0.42106	0	0	0	0.42106	$84,331.00	$35,508.42	$0.00	818.69%	0.00000	0.00000	$1,602.49	$0.00	0.00%	4,228.08	0.00	$1.00	$4,228.08	97.48%	0.48501	$19.90	$9.65	0.22%	4.565450638	$23.91	$109.16	2.52%	0.00	0.00	0.00	0.00	$1.00	$0.00	0.00%	0.00	0	0	$1.00	$0.00	0.00%	$4,346.90	$4,337.24	$3.88	$0.00	$0.00	$594.58	$1,818.42	$3.88
2025-04-12	0.07133	0.00000	0.32	0.00	0.00	0.42106	0	0	0	0.42106	$83,656.00	$35,224.20	$0.00	812.86%	0.00000	0.00000	$1,595.93	$0.00	0.00%	4,228.08	0.00	$1.00	$4,228.08	97.57%	0.48501	$19.15	$9.29	0.21%	4.565450638	$23.06	$105.28	2.43%	0.00	0.00	0.00	0.00	$1.00	$0.00	0.00%	0.00	0	0	$1.00	$0.00	0.00%	$4,342.65	$4,333.36	-$0.77	$0.00	$0.00	$594.58	$1,814.54	-$0.77
2025-04-11	0.00000	0.00000	-11,084.22	0.00	0.00	0.34973	0	0	0	0.34973	$83,809.00	$29,310.27	$0.00	676.27%	0.00000	0.00000	$1,570.86	$0.00	0.00%	4,227.76	0.00	$1.00	$4,227.76	97.55%	0.489	$19.42	$9.50	0.22%	4.565449818	$23.30	$106.37	2.45%	0.00	0.00	0.00	0.00	$1.00	$0.00	0.00%	0.00	0	0	$1.00	$0.00	0.00%	$4,343.63	$4,334.14	-$11,077.51	-$11,100.00	$0.00	$594.58	$1,815.31	$22.49
2025-04-10	0.00000	0.00000	0.00	0.00	0.00	0.34973	0	0	0	0.34973	$81,977.00	$28,669.57	$0.00	186.03%	0.00000	0.00000	$1,604.34	$0.00	0.00%	15,311.98	0.00	$1.00	$15,311.98	99.35%	0.489	$18.20	$8.90	0.06%	4.565449818	$21.83	$99.66	0.65%	0.00	0.00	0.00	0.00	$1.00	$0.00	0.00%	0.00	0	0	$1.00	$0.00	0.00%	$15,420.54	$15,411.64	$11.28	$0.00	$0.00	$594.58	$1,792.82	$11.28
2025-04-09	0.00000	0.00000	0.00	0.00	0.00	0.34973	0	0	0	0.34973	$76,141.00	$26,628.56	$0.00	172.91%	0.00000	0.00000	$1,452.18	$0.00	0.00%	15,311.98	0.00	$1.00	$15,311.98	99.43%	0.489	$16.16	$7.90	0.05%	4.565449818	$19.36	$88.39	0.57%	0.00	0.00	0.00	0.00	$1.00	$0.00	0.00%	0.00	0	0	$1.00	$0.00	0.00%	$15,408.27	$15,400.37	-$5.98	$0.00	$0.00	$594.58	$1,781.54	-$5.98
2025-04-08	0.00000	0.00000	0.00	0.00	0.00	0.34973	0	0	0	0.34973	$79,687.00	$27,868.69	$0.00	180.89%	0.00000	0.00000	$1,570.34	$0.00	0.00%	15,311.98	0.00	$1.00	$15,311.98	99.39%	0.489	$17.30	$8.46	0.05%	4.565449818	$20.67	$94.37	0.61%	0.00	0.00	0.00	0.00	$1.00	$0.00	0.00%	0.00	0	0	$1.00	$0.00	0.00%	$15,414.81	$15,406.35	$5.07	$0.00	$0.00	$594.58	$1,787.52	$5.07
2025-04-07	0.00000	0.00000	0.00	0.00	0.00	0.34973	0	0	0	0.34973	$78,312.00	$27,387.82	$0.00	177.83%	0.00000	0.00000	$1,558.15	$0.00	0.00%	15,311.98	0.00	$1.00	$15,311.98	99.42%	0.489	$16.35	$8.00	0.05%	4.565449818	$19.56	$89.30	0.58%	0.00	0.00	0.00	0.00	$1.00	$0.00	0.00%	0.00	0	0	$1.00	$0.00	0.00%	$15,409.27	$15,401.28	-$4.66	$0.00	$0.00	$594.58	$1,782.45	-$4.66
2025-04-06	0.00000	0.00000	0.00	0.00	0.00	0.34973	0	0	0	0.34973	$82,818.00	$28,963.69	$0.00	188.00%	0.00000	0.00000	$1,788.71	$0.00	0.00%	15,311.98	0.00	$1.00	$15,311.98	99.39%	0.489	$17.15	$8.39	0.05%	4.565449818	$20.58	$93.96	0.61%	0.00	0.00	0.00	0.00	$1.00	$0.00	0.00%	0.00	0	0	$1.00	$0.00	0.00%	$15,414.32	$15,405.94	-$5.66	$0.00	$0.00	$594.58	$1,787.11	-$5.66
2025-04-05	0.00000	0.00000	0.00	0.00	0.00	0.34973	0	0	0	0.34973	$83,416.00	$29,172.82	$0.00	189.29%	0.00000	0.00000	$1,806.56	$0.00	0.00%	15,311.98	0.00	$1.00	$15,311.98	99.35%	0.489	$18.22	$8.91	0.06%	4.565449818	$21.82	$99.62	0.65%	0.00	0.00	0.00	0.00	$1.00	$0.00	0.00%	0.00	0	0	$1.00	$0.00	0.00%	$15,420.51	$15,411.60	$0.87	$0.00	$0.00	$594.58	$1,792.77	$0.87
2025-04-04	0.00000	0.00000	0.00	0.00	0.00	0.34973	0	0	0	0.34973	$83,049.00	$29,044.47	$0.00	188.47%	0.00000	0.00000	$1,792.09	$0.00	0.00%	15,311.98	0.00	$1.00	$15,311.98	99.36%	0.489	$18.16	$8.88	0.06%	4.565449818	$21.63	$98.75	0.64%	0.00	0.00	0.00	0.00	$1.00	$0.00	0.00%	0.00	0	0	$1.00	$0.00	0.00%	$15,419.61	$15,410.73	-$0.05	$0.00	$0.00	$594.58	$1,791.90	-$0.05
2025-04-03	0.00000	0.00000	0.00	0.00	0.00	0.34973	0	0	0	0.34973	$82,452.00	$28,835.69	$0.00	187.11%	0.00000	0.00000	$1,800.05	$0.00	0.00%	15,311.98	0.00	$1.00	$15,311.98	99.36%	0.489	$18.09	$8.85	0.06%	4.565449818	$21.64	$98.80	0.64%	0.00	0.00	0.00	0.00	$1.00	$0.00	0.00%	0.00	0	0	$1.00	$0.00	0.00%	$15,419.62	$15,410.77	$0.32	$0.00	$0.00	$594.58	$1,791.95	$0.32
2025-04-02	0.00000	0.00000	0.00	0.00	0.00	0.34973	0	0	0	0.34973	$82,526.00	$28,861.57	$0.00	187.29%	0.00000	0.00000	$1,795.76	$0.00	0.00%	15,311.98	0.00	$1.00	$15,311.98	99.36%	0.489	$18.01	$8.81	0.06%	4.565449818	$21.57	$98.48	0.64%	0.00	0.00	0.00	0.00	$1.00	$0.00	0.00%	0.00	0	0	$1.00	$0.00	0.00%	$15,419.26	$15,410.45	-$7.58	$0.00	$0.00	$594.58	$1,791.63	-$7.58
2025-04-01	0.00000	0.00000	0.00	0.00	0.00	0.34973	0	0	0	0.34973	$84,076.00	$29,403.64	$0.00	190.71%	0.00000	0.00000	$1,867.03	$0.00	0.00%	15,311.98	0.00	$1.00	$15,311.98	99.31%	0.489	$19.48	$9.53	0.06%	4.565449818	$23.23	$106.06	0.69%	0.00	0.00	0.00	0.00	$1.00	$0.00	0.00%	0.00	0	0	$1.00	$0.00	0.00%	$15,427.56	$15,418.03	$4.43	$0.00	$0.00	$594.58	$1,799.21	$4.43
2025-03-31	0.00000	0.00000	-1,998.24	0.00	0.00	0.34973	0	0	0	0.34973	$82,050.00	$28,695.10	$0.00	186.17%	0.00000	0.00000	$1,812.05	$0.00	0.00%	15,311.98	0.00	$1.00	$15,311.98	99.34%	0.489	$18.62	$9.11	0.06%	4.565449818	$22.26	$101.63	0.66%	0.00	0.00	0.00	0.00	$1.00	$0.00	0.00%	0.00	0	0	$1.00	$0.00	0.00%	$15,422.71	$15,413.61	-$2,002.58	-$2,000.00	$0.00	$594.58	$1,794.78	-$2.58
2025-03-30	0.00000	0.00000	-879.25	0.00	0.00	0.34973	0	0	0	0.34973	$83,235.00	$29,109.52	$0.00	167.14%	0.00000	0.00000	$1,837.63	$0.00	0.00%	17,310.22	0.00	$1.00	$17,310.22	99.39%	0.492	$19.41	$9.55	0.05%	4.565449818	$23.21	$105.96	0.61%	0.00	0.00	0.00	0.00	$1.00	$0.00	0.00%	0.00	0	0	$1.00	$0.00	0.00%	$17,425.74	$17,416.19	-$882.86	-$881.00	$0.00	$594.58	$1,797.36	-$1.86
2025-03-29	0.00000	0.00000	3.17	0.00	0.00	0.34973	0	0	0	0.34973	$82,517.00	$28,858.42	$0.00	157.70%	0.00000	0.00000	$1,854.70	$0.00	0.00%	18,189.47	0.00	$1.00	$18,189.47	99.40%	0.495	$20.17	$9.98	0.05%	4.565449818	$24.00	$109.57	0.60%	0.00	0.00	0.00	0.00	$1.00	$0.00	0.00%	0.00	0	0	$1.00	$0.00	0.00%	$18,309.03	$18,299.04	$1.48	$0.00	$0.00	$594.58	$1,799.22	$1.48
2025-03-28	0.00000	0.00000	0.00	0.00	0.00	0.34973	0	0	0	0.34973	$85,202.00	$29,797.43	$0.00	162.85%	0.00000	0.00000	$1,890.12	$0.00	0.00%	18,186.31	0.00	$1.00	$18,186.31	99.39%	0.496	$20.41	$10.12	0.06%	4.565449818	$24.37	$111.26	0.61%	0.00	0.00	0.00	0.00	$1.00	$0.00	0.00%	0.00	0	0	$1.00	$0.00	0.00%	$18,307.69	$18,297.57	-$7.72	$0.00	$0.00	$594.58	$1,797.74	-$7.72
2025-03-27	0.00000	0.00000	-998.25	0.00	0.00	0.34973	0	0	0	0.34973	$87,014.00	$30,431.14	$0.00	166.24%	0.00000	0.00000	$2,018.83	$0.00	0.00%	18,186.31	0.00	$1.00	$18,186.31	99.35%	0.496	$21.87	$10.85	0.06%	4.565449818	$26.06	$118.98	0.65%	0.00	0.00	0.00	0.00	$1.00	$0.00	0.00%	0.00	0	0	$1.00	$0.00	0.00%	$18,316.13	$18,305.28	-$1,000.76	-$1,000.00	$0.00	$594.58	$1,805.45	-$0.76
2025-03-26	0.00000	0.00000	-998.59	0.00	0.00	0.34973	0	0	0	0.34973	$86,934.00	$30,403.16	$0.00	157.48%	0.00000	0.00000	$2,030.26	$0.00	0.00%	19,184.55	0.00	$1.00	$19,184.55	99.37%	0.997	$22.31	$22.24	0.12%	4.5654	$26.61	$121.49	0.63%	0.00	0.00	0.00	0.00	$1.00	$0.00	0.00%	0.00	0	0	$1.00	$0.00	0.00%	$19,328.28	$19,306.04	-$999.00	-$1,000.00	$0.00	$594.58	$1,806.21	$1.00
2025-03-25	0.01135	0.00000	-2,999.14	0.00	0.00	0.34973	0	0	0	0.34973	$87,678.00	$30,663.36	$0.00	151.01%	0.00000	0.00000	$2,063.91	$0.00	0.00%	20,183.15	0.00	$1.00	$20,183.15	99.40%	0.998	$22.45	$22.41	0.11%	4.5654	$26.70	$121.90	0.60%	0.00	0.00	0.00	0.00	$1.00	$0.00	0.00%	0.00	0	0	$1.00	$0.00	0.00%	$20,327.45	$20,305.04	-$2,948.00	-$3,000.00	$0.00	$594.58	$1,805.22	$52.00
2025-03-24	0.01133	0.00000	-12,996.17	0.00	0.00	0.33837	0	0	0	0.33837	$87,734.00	$29,686.88	$0.00	127.67%	0.00000	0.00000	$2,084.81	$0.00	0.00%	23,182.28	0.00	$1.00	$23,182.28	99.70%	0.916	$21.90	$20.06	0.09%	2.7143	$26.07	$70.76	0.30%	0.00	0.00	0.00	0.00	$1.00	$0.00	0.00%	0.00	0	0	$1.00	$0.00	0.00%	$23,273.10	$23,253.04	-$12,988.62	-$13,000.00	$0.00	$594.58	$1,753.22	$11.38
2025-03-23	0.01168	0.00000	-1,996.25	0.00	0.00	0.32705	0	0	0	0.32705	$84,819.00	$27,739.77	$0.00	76.54%	0.00000	0.00000	$2,011.01	$0.00	0.00%	36,178.45	0.00	$1.00	$36,178.45	99.83%	0.917	$19.56	$17.94	0.05%	2.7143	$23.29	$63.22	0.17%	0.00	0.00	0.00	0.00	$1.00	$0.00	0.00%	0.00	0	0	$1.00	$0.00	0.00%	$36,259.60	$36,241.67	-$1,995.65	-$2,000.00	$0.00	$594.58	$1,741.84	$4.35
2025-03-22	0.02381	0.00000	-2,997.28	0.00	0.00	0.31537	0	0	0	0.31537	$84,126.00	$26,530.87	$0.00	69.38%	0.00000	0.00000	$1,988.22	$0.00	0.00%	38,174.70	0.00	$1.00	$38,174.70	99.84%	0.963	$19.38	$18.66	0.05%	2.7143	$23.07	$62.62	0.16%	0.00	0.00	0.00	0.00	$1.00	$0.00	0.00%	0.00	0	0	$1.00	$0.00	0.00%	$38,255.98	$38,237.32	-$2,994.81	-$3,000.00	$0.00	$594.58	$1,737.49	$5.19
2025-03-21	0.01189	0.00000	-996.48	0.00	0.00	0.29156	0	0	0	0.29156	$84,182.00	$24,543.82	$0.00	59.53%	0.00000	0.00000	$1,969.78	$0.00	0.00%	41,171.98	0.00	$1.00	$41,171.98	99.85%	0.963	$18.58	$17.89	0.04%	2.7143	$22.16	$60.15	0.15%	0.00	0.00	0.00	0.00	$1.00	$0.00	0.00%	0.00	0	0	$1.00	$0.00	0.00%	$41,250.02	$41,232.13	-$997.27	-$1,000.00	$0.00	$594.58	$1,732.30	$2.73
2025-03-20	0.00000	0.00000	-995.89	0.00	0.00	0.27967	0	0	0	0.27967	$85,074.00	$23,792.22	$0.00	56.34%	0.00000	0.00000	$1,986.57	$0.00	0.00%	42,168.46	0.00	$1.00	$42,168.46	99.86%	0.965	$18.82	$18.16	0.04%	2.7143	$22.45	$60.94	0.14%	0.00	0.00	0.00	0.00	$1.00	$0.00	0.00%	0.00	0	0	$1.00	$0.00	0.00%	$42,247.56	$42,229.39	-$998.74	-$1,000.00	$0.00	$594.58	$1,729.57	$1.26
2025-03-19	0.01173	0.00000	-805.75	0.00	0.00	0.27967	0	0	0	0.27967	$84,277.00	$23,569.33	$0.00	54.52%	0.00000	0.00000	$2,032.56	$0.00	0.00%	43,164.34	0.00	$1.00	$43,164.34	99.85%	0.969	$19.74	$19.13	0.04%	2.7143	$23.50	$63.79	0.15%	0.00	0.00	0.00	0.00	$1.00	$0.00	0.00%	0.00	0	0	$1.00	$0.00	0.00%	$43,247.26	$43,228.13	-$802.79	-$808.64	$0.00	$594.58	$1,728.30	$5.85
2025-03-18	0.01215	0.00000	-997.56	0.00	-59.59	0.26793	0	0	0	0.26793	$82,576.00	$22,124.84	$0.00	50.25%	0.00000	0.00000	$1,895.35	$0.00	0.00%	43,970.09	0.00	$1.00	$43,970.09	99.86%	0.969	$18.79	$18.21	0.04%	2.7143	$22.41	$60.83	0.14%	0.00	0.00	0.00	0.00	$1.00	$0.00	0.00%	0.00	0	0	$1.00	$0.00	0.00%	$44,049.13	$44,030.92	-$1,056.50	-$1,000.00	$0.00	$594.58	$1,722.45	-$56.50
2025-03-17	0.01205	0.00000	-2,852.81	0.00	0.00	0.25578	0	0	0	0.25578	$83,513.00	$21,361.16	$0.00	47.38%	0.00000	0.00000	$1,910.59	$0.00	0.00%	44,967.65	0.00	$1.00	$44,967.65	99.73%	0.995	$18.62	$18.53	0.04%	2.7143	$22.17	$60.18	0.13%	59.59	0.00	0.00	0.00	$1.00	$59.59	0.13%	0.00	0	0	$1.00	$0.00	0.00%	$45,105.94	$45,087.42	-$2,852.24	-$2,855.38	$0.00	$594.58	$1,778.95	$3.14
2025-03-16	0.01212	0.00000	1.28	0.00	0.00	0.24373	0	0	0	0.24373	$82,482.00	$20,103.35	$0.00	41.13%	0.00000	0.00000	$1,874.79	$0.00	0.00%	47,820.47	0.00	$1.00	$47,820.47	99.75%	0.997	$18.43	$18.37	0.04%	2.7143	$21.96	$59.61	0.12%	59.59	0.00	0.00	0.00	$1.00	$59.59	0.12%	0.00	0	0	$1.00	$0.00	0.00%	$47,958.03	$47,939.66	-$935.58	-$940.41	$0.00	$594.58	$1,775.81	$4.83
2025-03-15	0.01187	0.00000	-916.79	0.00	59.59	0.23162	0	0	0	0.23162	$84,190.00	$19,499.68	$0.00	39.90%	0.00000	0.00000	$1,929.06	$0.00	0.00%	48,755.67	0.00	$1.00	$48,755.67	99.76%	0.997	$18.57	$18.51	0.04%	2.7143	$22.10	$59.99	0.12%	59.59	0.00	0.00	0.00	$1.00	$59.59	0.12%	0.00	0	0	$1.00	$0.00	0.00%	$48,893.75	$48,875.24	-$842.51	-$1,000.00	$81.87	$594.58	$1,770.98	$239.35
2025-03-14	0.01187	0.00000	3.84	0.00	-951.62	0.21975	0	0	0	0.21975	$82,734.00	$18,180.53	$0.00	35.85%	0.00000	0.00000	$1,900.12	$0.00	0.00%	49,672.46	0.00	$1.00	$49,672.46	99.91%	0.684	$18.62	$12.74	0.03%	2.0522	$22.07	$45.29	0.09%	0.00	0.00	0.00	0.00	$1.00	$0.00	0.00%	0.00	0	0	$1.00	$0.00	0.00%	$49,730.49	$49,717.75	-$1,944.60	-$951.64	$0.00	$512.71	$1,531.63	-$992.95
2025-03-13	0.02455	0.00000	4.11	0.00	0.04	0.20788	0	0	0	0.20788	$82,862.00	$17,225.02	$0.00	33.34%	0.00000	0.00000	$1,897.78	$0.00	0.00%	50,410.14	0.00	$1.00	$50,410.14	97.58%	0.685	$18.88	$12.93	0.03%	2.0522	$22.50	$46.17	0.09%	1,206.03	0.00	0.00	0.00	$1.00	$1,206.03	2.33%	0.00	0	0	$1.00	$0.00	0.00%	$51,675.28	$51,662.35	$4.72	-$1,000.00	$0.00	$512.71	$2,524.59	$1,004.72
2025-03-12	0.00000	0.00000	5.21	0.00	-999.96	0.18332	0	0	0	0.18332	$83,443.00	$15,296.98	$0.00	29.61%	0.00000	0.00000	$1,911.96	$0.00	0.00%	50,406.03	0.00	$1.00	$50,406.03	97.58%	0.804	$18.68	$15.02	0.03%	2.0522	$22.22	$45.60	0.09%	1,205.99	0.00	0.00	0.00	$1.00	$1,205.99	2.33%	0.00	0	0	$1.00	$0.00	0.00%	$51,672.65	$51,657.63	-$990.79	-$1,000.00	$0.00	$512.71	$1,519.86	$9.21
2025-03-11	0.02437	0.00000	7.43	-8,493.47	-505.73	0.18332	0	0	0	0.18332	$80,668.00	$14,788.26	$0.00	28.09%	0.00000	0.00000	$1,885.97	$0.00	0.00%	50,400.83	0.00	$1.00	$50,400.83	95.73%	0.804	$16.94	$13.62	0.03%	2.0522	$20.29	$41.64	0.08%	2,205.96	0.00	0.00	0.00	$1.00	$2,205.96	4.19%	0.00	0	0	$1.00	$0.00	0.00%	$52,662.04	$52,648.42	-$8,996.25	-$7,000.00	$0.00	$512.71	$1,510.66	-$1,996.25
2025-03-10	0.00000	0.00000	0.00	-3,852.26	-999.75	0.15895	0	0	0	0.15895	$83,293.00	$13,239.81	$0.00	21.48%	0.00000	0.00000	$2,124.93	$0.00	0.00%	50,393.40	0.00	$1.00	$50,393.40	81.75%	0.913	$18.86	$17.22	0.03%	2.0522	$22.47	$46.11	0.07%	2,711.69	0.00	0.00	0.00	$1.00	$2,711.69	4.40%	8,493.47	0	0	$1.00	$8,493.47	13.78%	$61,661.89	$61,644.67	-$12,853.67	-$14,856.70	$0.00	$512.71	$3,506.90	$2,003.03
2025-03-09	0.01203	0.00000	6.17	4.35	-2,999.68	0.15895	0	0	0	0.15895	$84,383.00	$13,413.07	$0.00	18.00%	0.00000	0.00000	$2,137.16	$0.00	0.00%	50,393.40	0.00	$1.00	$50,393.40	67.64%	0.913	$19.59	$17.89	0.02%	2.0522	$23.34	$47.90	0.06%	3,711.43	0.00	0.00	0.00	$1.00	$3,711.43	4.98%	20,345.61	0	0	$1.00	$20,345.61	27.31%	$74,516.23	$74,498.34	-$2,989.58	-$3,000.00	$0.00	$512.71	$1,503.88	$10.42
2025-03-08	0.01158	0.00000	4.96	4.33	-4,998.44	0.14692	0	0	0	0.14692	$86,223.00	$12,667.92	$0.00	16.35%	0.00000	0.00000	$2,171.42	$0.00	0.00%	50,387.23	0.00	$1.00	$50,387.23	65.03%	0.926	$19.77	$18.31	0.02%	2.0522	$23.55	$48.33	0.06%	6,711.11	0.00	0.00	0.00	$1.00	$6,711.11	8.66%	20,341.26	0	0	$1.00	$20,341.26	26.25%	$77,506.23	$77,487.92	-$4,991.52	-$5,000.00	$0.00	$512.71	$1,493.46	$8.48
2025-03-07	0.01118	0.00000	3.97	4.22	-2,999.00	0.13534	0	0	0	0.13534	$89,675.00	$12,136.53	$0.00	14.71%	0.00000	0.00000	$2,193.51	$0.00	0.00%	50,382.27	0.00	$1.00	$50,382.27	61.08%	0.929	$20.67	$19.20	0.02%	2.0522	$24.70	$50.69	0.06%	11,709.55	0.00	0.00	0.00	$1.00	$11,709.55	14.20%	20,336.93	0	0	$1.00	$20,336.93	24.66%	$82,498.64	$82,479.44	-$2,993.09	-$3,000.00	$0.00	$512.71	$1,484.97	$6.91
2025-03-06	0.01097	0.00000	3.85	3.90	-4,998.96	0.12416	0	0	0	0.12416	$90,257.00	$11,206.47	$0.00	13.11%	0.00000	0.00000	$2,268.81	$0.00	0.00%	50,378.30	0.00	$1.00	$50,378.30	58.94%	0.929	$21.68	$20.14	0.02%	2.0522	$25.81	$52.97	0.06%	14,708.55	0.00	0.00	0.00	$1.00	$14,708.55	17.21%	20,332.71	0	0	$1.00	$20,332.71	23.79%	$85,492.66	$85,472.52	-$4,988.72	-$5,000.00	$0.00	$512.71	$1,478.06	$11.28
2025-03-05	0.01128	0.00000	4.03	3.69	-10,944.89	0.11319	0	0	0	0.11319	$88,758.00	$10,046.61	$0.00	11.11%	0.00000	0.00000	$2,178.63	$0.00	0.00%	50,374.44	0.00	$1.00	$50,374.44	61.45%	0.933	$20.62	$19.24	0.02%	2.0522	$24.60	$50.48	0.06%	19,707.51	0.00	0.00	0.00	$1.00	$19,707.51	13.68%	20,328.81	0	0	$1.00	$20,328.81	24.80%	$90,480.48	$90,461.25	-$2,445.24	-$2,500.00	$0.00	$512.71	$1,466.78	$54.76
2025-03-04	0.01209	0.00000	8.98	-6,999.80	5.68	0.10191	0	0	0	0.10191	$83,388.00	$8,498.00	$0.00	9.15%	0.00000	0.00000	$2,088.53	$0.00	0.00%	50,370.41	0.00	$1.00	$50,370.41	54.22%	0.933	$19.77	$18.45	0.02%	2.0522	$23.66	$48.56	0.05%	22,162.39	0.00	0.00	0.00	$1.00	$22,162.39	23.85%	20,325.12	0	0	$1.00	$20,325.12	21.88%	$92,924.93	$92,906.48	-$6,987.38	-$7,000.00	$0.00	$512.71	$1,412.02	$12.62
2025-03-03	0.01072	0.00000	0.00	-4,991.73	0.00	0.08982	0	0	0	0.08982	$85,955.00	$7,720.42	$0.00	7.73%	0.00000	0.00000	$2,129.82	$0.00	0.00%	50,361.44	0.00	$1.00	$50,361.44	50.41%	0.989	$20.79	$20.56	0.02%	2.0522	$24.75	$50.79	0.05%	22,156.71	0.00	0.00	0.00	$1.00	$22,156.71	22.18%	27,324.93	0	0	$1.00	$27,324.93	27.35%	$99,914.43	$99,893.86	-$5,000.37	-$5,000.00	$0.00	$512.71	$1,399.40	-$0.37
2025-03-02	0.01077	0.00000	7.08	4.03	-996.64	0.07910	0	0	0	0.07910	$92,997.00	$7,356.33	$0.00	7.01%	0.00000	0.00000	$2,474.78	$0.00	0.00%	50,361.44	0.00	$1.00	$50,361.44	48.01%	0.989	$24.35	$24.08	0.02%	2.0522	$28.96	$59.43	0.06%	22,156.71	0.00	0.00	0.00	$1.00	$22,156.71	21.12%	32,316.66	0	0	$1.00	$32,316.66	30.81%	$104,918.32	$104,894.24	-$978.33	-$1,000.00	$0.00	$512.71	$1,399.77	$21.67
2025-03-01	0.01183	0.00000	0.65	-999.73	0.22	0.06833	0	0	0	0.06833	$84,547.00	$5,777.18	$0.00	5.46%	0.00000	0.00000	$2,163.99	$0.00	0.00%	50,354.36	0.00	$1.00	$50,354.36	47.56%	0.994	$21.30	$21.17	0.02%	2.0522	$25.45	$52.23	0.05%	23,153.35	0.00	0.00	0.00	$1.00	$23,153.35	21.87%	32,312.63	0	0	$1.00	$32,312.63	30.52%	$105,893.74	$105,872.57	-$997.98	-$1,000.00	$0.00	$512.71	$1,378.10	$2.02
2025-02-28	0.01208	0.00000	10.63	-2,492.35	328.31	0.05650	0	0	0	0.05650	$81,075.00	$4,581.09	$0.00	4.29%	0.00000	0.00000	$2,130.02	$0.00	0.00%	50,353.71	0.00	$1.00	$50,353.71	47.12%	1.91	$21.09	$40.28	0.04%	2.0522	$25.02	$51.35	0.05%	23,153.13	0.00	0.00	0.00	$1.00	$23,153.13	21.66%	33,312.36	0	0	$1.00	$33,312.36	31.17%	$106,910.83	$106,870.55	-$2,102.06	-$2,500.00	$0.00	$512.71	$1,376.08	$397.94
2025-02-27	0.01163	0.00000	4.28	1.84	-998.20	0.04442	0	0	0	0.04442	$86,248.00	$3,831.23	$0.00	3.52%	0.00000	0.00000	$2,343.76	$0.00	0.00%	50,343.08	0.00	$1.00	$50,343.08	46.20%	1.91	$23.06	$44.04	0.04%	0	$27.39	$0.00	0.00%	22,824.82	0.00	0.00	0.00	$1.00	$22,824.82	20.95%	35,804.71	0	0	$1.00	$35,804.71	32.86%	$109,016.66	$108,972.61	-$992.08	-$1,000.00	$0.00	$512.71	$978.15	$7.92
2025-02-26	0.01155	0.00000	7.91	-6,497.06	-1,998.41	0.03279	0	0	0	0.03279	$87,732.00	$2,876.52	$0.00	2.62%	0.00000	0.00000	$2,428.14	$0.00	0.00%	50,338.80	0.00	$1.00	$50,338.80	45.78%	1.91	$21.77	$41.58	0.04%	0	$25.97	$0.00	0.00%	23,823.02	0.00	0.00	0.00	$1.00	$23,823.02	21.66%	35,802.87	0	0	$1.00	$35,802.87	32.56%	$110,006.27	$109,964.69	-$8,487.56	-$8,500.00	$0.00	$512.71	$970.23	$12.44
2025-02-25	0.00000	0.00000	0.00	-7,992.17	-995.21	0.02124	0	0	0	0.02124	$89,053.00	$1,891.66	$0.00	1.60%	0.00000	0.00000	$2,425.59	$0.00	0.00%	50,330.88	0.00	$1.00	$50,330.88	42.17%	1.91	$21.33	$40.74	0.03%	0	$25.53	$0.00	0.00%	25,821.43	0.00	0.00	0.00	$1.00	$25,821.43	21.63%	42,299.93	0	0	$1.00	$42,299.93	35.44%	$118,492.99	$118,452.25	-$9,013.46	-$9,000.00	$0.00	$512.71	$957.78	-$13.46
2025-02-24	0.01014	0.00000	10.99	8.80	3.52	0.01014	0	0	0	0.01014	$93,798.00	$951.07	$0.00	0.74%	0.00000	0.00000	$2,641.28	$0.00	0.00%	50,330.88	0.00	$1.00	$50,330.88	39.21%	1.91	$23.02	$43.97	0.03%	0	$27.52	$0.00	0.00%	26,816.65	0.00	0.00	0.00	$1.00	$26,816.65	20.89%	50,292.10	0	0	$1.00	$50,292.10	39.16%	$127,483.60	$128,368.67	$965.58	$0.00	$0.00	$512.71	$971.24	$965.58
2025-02-23	0.00	0.00000	6.73	5.53	-997.54	0	0	0	0	0.00	$95,932.00	$0.00	$0.00	0.00%	0.00000	0.00000	$2,799.80	$0.00	0.00%	50,319.90	0.00	$1.00	$50,319.90	39.50%	1.91	$25.06	$47.86	0.04%	0	$29.79	$0.00	0.00%	26,813.13	0.00	0.00	0.00	$1.00	$26,813.13	21.05%	50,283.31	0	0	$1.00	$50,283.31	39.46%	$127,464.20	$127,403.09	-$990.81	-$1,000.00	$0.00	$512.71	$5.67	$9.19
2025-02-22	0.00	0.00000	8.79	13.90	-5,996.90	0	0	0	0	0.00	$96,611.00	$0.00	$0.00	0.00%	0.00000	0.00000	$2,689.53	$0.00	0.00%	50,313.16	0.00	$1.00	$50,313.16	39.19%	1.91	$25.61	$48.92	0.04%	0	$30.83	$0.00	0.00%	27,810.67	0.00	0.00	0.00	$1.00	$27,810.67	21.66%	50,277.77	0	0	$1.00	$50,277.77	39.15%	$128,450.52	$128,393.90	-$5,988.11	-$6,000.00	$0.00	$512.71	-$3.53	$11.89
2025-02-21	0.00	0.00000	7.29	0.00	-3,196.33	0	0	0	0	0.00	$96,611.00	$0.00	$0.00	0.00%	0.00000	0.00000	$2,689.53	$0.00	0.00%	50,304.38	0.00	$1.00	$50,304.38	37.43%	1.91	$26.05	$49.76	0.04%	0	$30.83	$0.00	0.00%	33,807.57	0.00	0.00	0.00	$1.00	$33,807.57	25.16%	50,270.07	0	0	$1.00	$50,270.07	37.41%	$134,431.77	$134,382.01	-$3,182.85	-$3,200.00	$0.00	$512.71	-$15.41	$17.15
2025-02-20	0.00	0.00000	7.05	6.59	-4,294.67	0	0	0	0	0.00	$96,611.00	$0.00	$0.00	0.00%	0.00000	0.00000	$2,689.53	$0.00	0.00%	50,297.08	0.00	$1.00	$50,297.08	36.56%	1.91	$24.56	$46.91	0.03%	0	$30.83	$0.00	0.00%	37,003.90	0.00	0.00	0.00	$1.00	$37,003.90	26.90%	50,263.87	0	0	$1.00	$50,263.87	36.54%	$137,611.77	$137,564.86	-$4,281.03	-$4,300.00	$0.00	$512.71	-$32.57	$18.97
2025-02-19	0.00	0.00000	7.61	6.37	-1,991.96	0	0	0	0	0.00	$96,611.00	$0.00	$0.00	0.00%	0.00000	0.00000	$2,689.53	$0.00	0.00%	50,290.03	0.00	$1.00	$50,290.03	35.45%	1.91	$23.72	$45.31	0.03%	0	$30.83	$0.00	0.00%	41,298.57	0.00	0.00	0.00	$1.00	$41,298.57	29.12%	50,257.28	0	0	$1.00	$50,257.28	35.43%	$141,891.19	$141,845.89	-$1,977.97	-$2,000.00	$0.00	$512.71	-$51.54	$22.03
2025-02-18	0.00	0.00000	8.11	6.89	5.76	0	0	0	0	0.00	$96,611.00	$0.00	$0.00	0.00%	0.00000	0.00000	$2,689.53	$0.00	0.00%	50,282.42	0.00	$1.00	$50,282.42	34.96%	1.91	$24.09	$46.01	0.03%	0	$30.83	$0.00	0.00%	43,290.53	0.00	0.00	0.00	$1.00	$43,290.53	30.10%	50,250.91	0	0	$1.00	$50,250.91	34.94%	$143,869.87	$143,823.86	$20.75	$0.00	$0.00	$512.71	-$73.57	$20.75
2025-02-17	0.00	0.00000	15.24	12.67	-7,988.15	0	0	0	0	0.00	$96,611.00	$0.00	$0.00	0.00%	0.00000	0.00000	$2,689.53	$0.00	0.00%	50,274.32	0.00	$1.00	$50,274.32	34.96%	1.929	$25.53	$49.25	0.03%	0	$30.83	$0.00	0.00%	43,284.77	0.00	0.00	0.00	$1.00	$43,284.77	30.10%	50,244.03	0	0	$1.00	$50,244.03	34.94%	$143,852.36	$143,803.11	-$7,960.24	$0.00	$0.00	$512.71	-$94.31	-$7,960.24
2025-02-15	0.00	0.00000	3.84	3.85	3.22	0	0	0	0	0.00	$96,611.00	$0.00	$0.00	0.00%	0.00000	0.00000	$2,689.53	$0.00	0.00%	50,259.07	0.00	$1.00	$50,259.07	33.12%	1.929	$26.03	$50.06	0.03%	0	$30.83	$0.00	0.00%	51,272.92	0.00	0.00	0.00	$1.00	$51,272.92	33.78%	50,231.36	0	0	$1.00	$50,231.36	33.10%	$151,813.40	$151,763.35	$10.91	-$8,000.00	$0.00	$512.71	$7,865.92	$8,010.91
2025-02-14	0.00	0.00000	3.87	3.06	-11,278.18	0	0	0	0	0.00	$96,611.00	$0.00	$0.00	0.00%	0.00000	0.00000	$2,689.53	$0.00	0.00%	50,255.23	0.00	$1.00	$50,255.23	33.12%	1.929	$25.95	$50.06	0.03%	0	$30.83	$0.00	0.00%	51,269.70	0.00	0.00	0.00	$1.00	$51,269.70	33.79%	50,227.51	0	0	$1.00	$50,227.51	33.10%	$151,802.50	$151,752.44	-$11,271.25	-$15,331.59	$0.00	$512.71	-$144.98	$4,060.35
2025-02-13	0.00	0.00000	146.06	124.22	-9,903.91	0	0	0	0	0.00	$96,171.00	$0.00	$0.00	0.00%	0.00000	0.00000	$2,665.18	$0.00	0.00%	50,251.36	0.00	$1.00	$50,251.36	30.82%	1.929	$25.54	$49.27	0.03%	0	$30.43	$0.00	0.00%	62,547.88	0.00	0.00	0.00	$1.00	$62,547.88	38.37%	50,224.44	0	0	$1.00	$50,224.44	30.81%	$163,072.95	$163,023.69	-$14,255.99	-$9,493.63	$512.71	$512.71	-$4,205.33	-$4,249.65
2025-01-28	0.00	0.00000	11.59	9.31	13.84	0	0	0	0	0.00	$102,705.00	$0.00	$0.00	0.00%	0.00000	0.00000	$3,177.41	$0.00	0.00%	50,105.31	0.00	$1.00	$50,105.31	28.26%	0	$0.00	$0.00	0.00%	114.8128	$40.26	$4,622.36	2.61%	72,451.78	0.00	0.00	0.00	$1.00	$72,451.78	40.87%	50,100.23	0	0	$1.00	$50,100.23	28.26%	$177,279.68	$177,279.68	$103.62	$0.00	$0.00	$0.00	$44.32	$103.62
2025-01-27	0.00	0.00000	4.31	4.19	6.11	0	0	0	0	0.00	$100,299.00	$0.00	$0.00	0.00%	0.00000	0.00000	$3,091.21	$0.00	0.00%	50,093.72	0.00	$1.00	$50,093.72	28.27%	0	$0.00	$0.00	0.00%	114.8127	$39.66	$4,553.47	2.57%	72,437.95	0.00	0.00	0.00	$1.00	$72,437.95	40.88%	50,090.92	0	0	$1.00	$50,090.92	28.27%	$177,176.05	$177,176.05	-$568.64	$0.00	$0.00	$0.00	-$59.30	-$568.64
2025-01-26	0.00	0.00000	25.83	25.51	34.60	0	0	0	0	0.00	$104,852.00	$0.00	$0.00	0.00%	0.00000	0.00000	$3,305.59	$0.00	0.00%	50,089.40	0.00	$1.00	$50,089.40	28.18%	0	$0.00	$0.00	0.00%	114.8127	$44.74	$5,136.72	2.89%	72,431.83	0.00	0.00	0.00	$1.00	$72,431.83	40.75%	50,086.73	0	0	$1.00	$50,086.73	28.18%	$177,744.69	$177,744.69	$441.87	$0.00	$0.00	$0.00	$509.33	$441.87
2025-01-23	0.00	0.00000	18.56	18.73	30.16	0	0	0	0	0.00	$105,944.00	$0.00	$0.00	0.00%	0.00000	0.00000	$3,294.25	$0.00	0.00%	50,063.58	0.00	$1.00	$50,063.58	28.24%	0	$0.00	$0.00	0.00%	114.8123	$43.40	$4,982.85	2.70%	72,397.23	0.00	0.00	0.00	$1.00	$72,397.23	40.83%	50,061.22	0	0	$1.00	$50,061.22	28.23%	$177,504.89	$177,302.82	$67.46	$0.00	$0.00	$0.00	$67.46	$67.46
2025-01-20	0.00	0.00000	0.00	0.00	0.00	0	0	0	0	0.00	$106,827.00	$0.00	$0.00	0.00%	0.00000	0.00000	$3,298.64	$0.00	0.00%	50,045.02	0.00	$1.00	$50,045.02	28.24%	0	$0.00	$0.00	0.00%	114.812	$41.64	$4,780.77	2.70%	72,367.08	0.00	0.00	0.00	$1.00	$72,367.08	40.83%	50,042.49	0	0	$1.00	$50,042.49	28.24%	$177,235.36	$177,235.36	$0.00	$0.00	$0.00	$0.00	$0.00	$0.00
