name	dapp	blockchain	pool	p1	p2	account	addy	hash	activated	href	incept	ROI	APR	TVL	BTC	BTC offset	BTC quote	BTC $	ETH	ETH offset	ETH quote	ETH $	stable	stable offset	stable quote	stable $	AVAX	AVAX offset	AVAX quote	AVAX $	sAVAX	sAVAX offset	sAVAX quote	sAVAX $	HBAR	HBAR offset	HBAR quote	HBAR $	UNDEAD	UNDEAD offset	UNDEAD quote	UNDEAD $	BNB	BNB offset	BNB quote	BNB $	DOGE	DOGE offset	DOGE quote	DOGE $	LTC	LTC offset	LTC quote	LTC $	LINK	LINK offset	LINK quote	LINK $
Benqi	treasury	Avalanche	n/a	n/a	n/a	0x9aC3c1b5A436d2B6dda16c539550c15304208857	0x4EE3544464c491615D232B2D856D8171BfBd88c8	0	2022-05-16	treasury.html	2025-01-20	0.14%	0.34%	$33,203.21	0.8184	4	$84,088.00	$68,817.62	2.4906	6	$2,690.54	$6,701.06	-53,099.55	22	$1.00	-$53,099.55	0.4520	1	$10.70	$4.84	786.41	2	$13.74	$10,779.25	0	7	$0.0944	$0.0000	0	11	$0.000491	$0.00	0	3	$773.39	$0.00	0	5	$0.09800	$0.00	0	10	$73.76	$0.00	0	9	$14.09	$0.00
Binance	treasury	Binance	n/a	n/a	n/a	0x9aC3c1b5A436d2B6dda16c539550c15304208857		0	2025-06-02	treasury.html	2025-06-02	---	---	$14.91	0	4	$84,088.00	$0.00	0.00554	6	$2,690.54	$14.91	0	22	$1.00	$0.00	0.0000	1	$10.70	$0.00	0	2	$13.74	$0.00	0	7	$0.0944	$0.0000	0	11	$0.000491	$0.00	0	3	$773.39	$0.00	0	5	$0.09800	$0.00	0	10	$73.76	$0.00	0	9	$14.09	$0.00
Hedera	treasury	Hedera	n/a	n/a	n/a	0x9aC3c1b5A436d2B6dda16c539550c15304208857	0x4EE3544464c491615D232B2D856D8171BfBd88c8	0.0.10183724	2025-12-15	treasury.html	2025-12-15			$20.11	0	4	$84,088.00	$0.00	0	6	$2,690.54	$0.00	0	22	$1.00	$0.00	0.0000	1	$10.70	$0.00	0	2	$13.74	$0.00	213	7	$0.0944	$20.1072	0	11	$0.000491	$0.00	0	3	$773.39	$0.00	0	5	$0.09800	$0.00	0	10	$73.76	$0.00	0	9	$14.09	$0.00
BTC+ETH	pools	Avalanche	BTC+ETH	BTC	ETH	n/a	0xf372A0795a23E2f22695efec8353E70D7f2C9e57	0		n/a			21.07%	$28.14	0	4	$84,088.00	$0.00	0	6	$2,690.54	$0.00	0	22	$1.00	$0.00	0.4758	1	$10.70	$5.09	0	2	$13.74	$0.00	0	7	$0.0944	$0.0000	0	11	$0.000491	$0.00	0.0298	3	$773.39	$23.05	0	5	$0.09800	$0.00	0	10	$73.76	$0.00	0	9	$14.09	$0.00
BTC+AVAX	pools	Avalanche	BTC+AVAX	BTC	AVAX	n/a	0x238330A18d01DEa5AF01F3FD0C8136B8Ea873c0B	0		n/a			54.41%	$58.53	0	4	$84,088.00	$0.00	0	6	$2,690.54	$0.00	0	22	$1.00	$0.00	0.4758	1	$10.70	$5.09	0	2	$13.74	$0.00	0	7	$0.0944	$0.0000	0	11	$0.000491	$0.00	0.0691	3	$773.39	$53.44	0	5	$0.09800	$0.00	0	10	$73.76	$0.00	0	9	$14.09	$0.00
ETH+AVAX	pools	Avalanche	ETH+AVAX	ETH	AVAX	n/a	0x137E9BbAcA8920087D0Fc59AA5B67D5Dee21d1be	0	2025-01-22	n/a			21.32%	$5.09	0	4	$84,088.00	$0.00	0	6	$2,690.54	$0.00	0	22	$1.00	$0.00	0.4758	1	$10.70	$5.09	0	2	$13.74	$0.00	0	7	$0.0944	$0.0000	0	11	$0.000491	$0.00	0	3	$773.39	$0.00	0	5	$0.09800	$0.00	0	10	$73.76	$0.00	0	9	$14.09	$0.00
AVAX+UNDEAD	pools	Avalanche	AVAX+UNDEAD	AVAX	UNDEAD	n/a	0xd5fdd8C63da907f3bC052b994F30a52950F05D38	0	2024-12-27	n/a			91.42%	$5.09	0	4	$84,088.00	$0.00	0	6	$2,690.54	$0.00	0	22	$1.00	$0.00	0.4758	1	$10.70	$5.09	0	2	$13.74	$0.00	0	7	$0.0944	$0.0000	0	11	$0.000491	$0.00	0	3	$773.39	$0.00	0	5	$0.09800	$0.00	0	10	$73.76	$0.00	0	9	$14.09	$0.00
AVAX+USDC	pools	Avalanche	AVAX+USDC	AVAX	USDC	n/a	0xe8A958A58BaDCD5fE22af2F50EFBa0BBF2B23C33	0	2025-01-24	n/a			93.19%	$5.09	0	4	$84,088.00	$0.00	0	6	$2,690.54	$0.00	0	22	$1.00	$0.00	0.4758	1	$10.70	$5.09	0	2	$13.74	$0.00	0	7	$0.0944	$0.0000	0.00	11	$0.000491	$0.00	0	3	$773.39	$0.00	0	5	$0.09800	$0.00	0	10	$73.76	$0.00	0	9	$14.09	$0.00
BTC+USDC	pools	Avalanche	BTC+USDC	BTC	USDC	n/a	0xa9C4f4cfBbfada3B20DE315AeFb5553d16539712	0	2025-02-14	n/a			18.86%	$10.69	0	4	$84,088.00	$0.00	0	6	$2,690.54	$0.00	0	22	$1.00	$0.00	0.9990	1	$10.70	$10.69	0	2	$13.74	$0.00	0	7	$0.0944	$0.0000	0.00	11	$0.000491	$0.00	0	3	$773.39	$0.00	0	5	$0.09800	$0.00	0	10	$73.76	$0.00	0	9	$14.09	$0.00
ETH+USDC	pools	Avalanche	ETH+USDC	ETH	USDC	n/a	0x3998Faa9726844639f971171bfb381311De4Ab82	0	2025-02-14	n/a			40.53%	$2,894.77	0	4	$84,088.00	$0.00	0	6	$2,690.54	$0.00	2884.08	22	$1.00	$2,884.08	0.9990	1	$10.70	$10.69	0	2	$13.74	$0.00	0	7	$0.0944	$0.0000	0.00	11	$0.000491	$0.00	0	3	$773.39	$0.00	0	5	$0.09800	$0.00	0	10	$73.76	$0.00	0	9	$14.09	$0.00
BTC+DOGE	pools	Binance	BTC+DOGE	BTC	DOGE	n/a	0xf372A0795a23E2f22695efec8353E70D7f2C9e57	0		n/a			-4.56%	$5,115.02	0	4	$84,088.00	$0.00	0	6	$2,690.54	$0.00	0	22	$1.00	$0.00	0.9990	1	$10.70	$10.69	0	2	$13.74	$0.00	0	7	$0.0944	$0.0000	0.00	11	$0.000491	$0.00	0	3	$773.39	$0.00	52085	5	$0.09800	$5,104.33	0	10	$73.76	$0.00	0	9	$14.09	$0.00
BTC+BNB	pools	Binance	BTC+BNB	BTC	BNB	n/a	0x238330A18d01DEa5AF01F3FD0C8136B8Ea873c0B	0		n/a			-56.19%	$2,708.52	0	4	$84,088.00	$0.00	0	6	$2,690.54	$0.00	0	22	$1.00	$0.00	0.0000	1	$10.70	$0.00	0	2	$13.74	$0.00	0	7	$0.0944	$0.0000	0.00	11	$0.000491	$0.00	3.5021	3	$773.39	$2,708.52	0	5	$0.09800	$0.00	0	10	$73.76	$0.00	0	9	$14.09	$0.00
ETH+BNB	pools	Binance	ETH+BNB	ETH	BNB	n/a	0x137E9BbAcA8920087D0Fc59AA5B67D5Dee21d1be	0		n/a			18.64%	$7,360.26	0	4	$84,088.00	$0.00	0	6	$2,690.54	$0.00	0	22	$1.00	$0.00	0.0000	1	$10.70	$0.00	0	2	$13.74	$0.00	0	7	$0.0944	$0.0000	0.00	11	$0.000491	$0.00	9.5169	3	$773.39	$7,360.26	0	5	$0.09800	$0.00	0	10	$73.76	$0.00	0	9	$14.09	$0.00
BNB+LTC	pools	Binance	BNB+LTC	BNB	LTC	n/a	0xd5fdd8C63da907f3bC052b994F30a52950F05D38	0		n/a			28.50%	$5,854.50	0	4	$84,088.00	$0.00	0	6	$2,690.54	$0.00	0	22	$1.00	$0.00	0.0000	1	$10.70	$0.00	0	2	$13.74	$0.00	0	7	$0.0944	$0.0000	0.00	11	$0.000491	$0.00	1.9885	3	$773.39	$1,537.91	0	5	$0.09800	$0.00	58.52	10	$73.76	$4,316.59	0	9	$14.09	$0.00
BNB+USDt	pools	Binance	BNB+USDt	BNB	USDt	n/a	0xe8A958A58BaDCD5fE22af2F50EFBa0BBF2B23C33	0		n/a			28.48%	$4,211.09	0	4	$84,088.00	$0.00	0	6	$2,690.54	$0.00	0	22	$1.00	$0.00	0.0000	1	$10.70	$0.00	0	2	$13.74	$0.00	0	7	$0.0944	$0.0000	0.00	11	$0.000491	$0.00	5.4450	3	$773.39	$4,211.09	0	5	$0.09800	$0.00	0	10	$73.76	$0.00	0	9	$14.09	$0.00
BNB+LINK	pools	Binance	BNB+LINK	BNB	LINK	n/a	0xa9C4f4cfBbfada3B20DE315AeFb5553d16539712	0		n/a			60.34%	$9,957.33	0	4	$84,088.00	$0.00	0	6	$2,690.54	$0.00	6050.51	22	$1.00	$6,050.51	0.0000	1	$10.70	$0.00	0	2	$13.74	$0.00	0	7	$0.0944	$0.0000	0.00	11	$0.000491	$0.00	1.9343	3	$773.39	$1,496.00	0	5	$0.09800	$0.00	0	10	$73.76	$0.00	171.1022	9	$14.09	$2,410.83
LTC+LINK	pools	Binance	LTC+LINK	LTC	LINK	n/a	0xBB30A69e789ec896d7e1CF2Ff1255dc49D033280	0.0.10074878		n/a			6.15%	$1,109.80	0	4	$84,088.00	$0.00	0.0069	6	$2,690.54	$18.56	0	22	$1.00	$0.00	0.5000	1	$10.70	$5.35	0	2	$13.74	$0.00	10	7	$0.0944	$0.9440	0.00	11	$0.000491	$0.00	0.0999979	3	$773.39	$77.34	0	5	$0.09800	$0.00	7.0737	10	$73.76	$521.75	34.4817	9	$14.09	$485.85
vault	vault	Bitcoin	n/a	n/a	n/a	n/a	variable	0	2025-02-24	treasury.html	2025-02-24	-97.35%	-86.46%	$0.00	0	4	$84,088.00	$0.00	0	6	$2,690.54	$0.00	0	22	$1.00	$0.00	0.0000	1	$10.70	$0.00	0	2	$13.74	$0.00	0	7	$0.0944	$0.0000	0	11	$0.000491	$0.00	0	3	$773.39	$0.00	0	5	$0.09800	$0.00	0	10	$73.76	$0.00	0	9	$14.09	$0.00
coinbase	slush	Base	n/a	n/a	n/a	n/a	various	0	2021-05-20	n/a	n/a	---	---	$0.00	0	4	$84,088.00	$0.00	0	6	$2,690.54	$0.00	0	22	$1.00	$0.00	0.0000	1	$10.70	$0.00	0	2	$13.74	$0.00	0	7	$0.0944	$0.0000	0	11	$0.000491	$0.00	0	3	$773.39	$0.00	0	5	$0.09800	$0.00	0	10	$73.76	$0.00	0	9	$14.09	$0.00
