name	dapp	blockchain	pool	p1	p2	account	addy	activated	href	incept	ROI	APR	BTC	BTC offset	BTC quote	BTC $	ETH	ETH offset	ETH quote	ETH $	wstETH	wstETH offset	wstETH quote	wstETH $	SOL	SOL offset	SOL quote	SOL $	stable	stable offset	stable quote	stable $	DOT	DOT offset	DOT quote	DOT $	ADA	ADA offset	ADA quote	ADA $	INDY	INDY offset	INDY quote	INDY $	AVAX	AVAX offset	AVAX quote	AVAX $	sAVAX	sAVAX offset	sAVAX quote	sAVAX $	QI	QI offset	QI quote	QI $	ATOM	ATOM offset	ATOM quote	ATOM $	OSMO	OSMO offset	OSMO quote	OSMO $	KUJI	KUJI offset	KUJI quote	KUJI $	LUNA	LUNA offset	LUNA quote	LUNA $	ROAR	ROAR offset	ROAR quote	ROAR $	BNB	BNB offset	BNB quote	BNB $	DOGE	DOGE offset	DOGE quote	DOGE $	LINK	LINK offset	LINK quote	LINK $	LTC	LTC offset	LTC quote	LTC $	TVL
Benqi	treasury	Avalanche	n/a	n/a	n/a	n/a	0x9aC3c1b5A436d2B6dda16c539550c15304208857	2022-05-16	treasury.html	2025-01-20	---	---	0	6	$84,547.00	$0.00	0	9	$2,163.99	$0.00	0	10	$2,601.40	$0.00	0	19	$140.19	$0.00	105,820.34	20	$1.00	$105,820.34	0	8	$4.56	$0.00	0	1	$0.63	$0.00	0	11	$1.08	$0.00	0	3	$21.30	$0.00	2.0522	4	$25.45	$52.23	0	17	$0.0085100	$0.00	0	2	$4.47	$0.00	0	16	$0.30	$0.00	0	12	$0.34	$0.00	0	15	$0.22	$0.00	0	18	$0.00000072	$0.00	0	5	$596.06	$0.00	0	7	$0.2017	$0.0000	0	13	$14.40	$0.00	0	14	$124.26	$0.00	$105,872.57
Indigo	treasury	Cardano	n/a	n/a	n/a	account0	addr1qyqualz2c7m94slamwhdc95mqudtqn70dadtqz0lzftk339t7wt8mghj6te7239z5rvqqcrccgydsg5cg8rans30cp9sxsjpp5	2023-07-27	treasury.html	n/a	---	---	0	6	$84,547.00	$0.00	0	9	$2,163.99	$0.00	0	10	$2,601.40	$0.00	0	19	$140.19	$0.00	0.00	20	$1.00	$0.00	0	8	$4.56	$0.00	8.574723	1	$0.63	$5.40	0	11	$1.08	$0.00	0	3	$21.30	$0.00	0	4	$25.45	$0.00	0	17	$0.0085100	$0.00	0	2	$4.47	$0.00	0	16	$0.30	$0.00	0	12	$0.34	$0.00	0	15	$0.22	$0.00	0	18	$0.00000072	$0.00	0	5	$596.06	$0.00	0	7	$0.2017	$0.0000	0	13	$14.40	$0.00	0	14	$124.26	$0.00	$5.40
BTC+ETH	pools	Avalanche	BTC+ETH	BTC	ETH	n/a	0xf372A0795a23E2f22695efec8353E70D7f2C9e57	2021-05-20	n/a	2025-01-22	-1.25%	-12.05%	0.0098	6	$84,547.00	$832.44	3.6226	9	$2,163.99	$7,839.23	0	10	$2,601.40	$0.00	0	19	$140.19	$0.00	0	20	$1.00	$0.00	0	8	$4.56	$0.00	0	1	$0.63	$0.00	0	11	$1.08	$0.00	1.498	3	$21.30	$31.91	0	4	$25.45	$0.00	0	17	$0.0085100	$0.00	0	2	$4.47	$0.00	0	16	$0.30	$0.00	0	12	$0.34	$0.00	0	15	$0.22	$0.00	0	18	$0.00000072	$0.00	0.0298	5	$596.06	$17.76	0	7	$0.2017	$0.0000	0	13	$14.40	$0.00	0	14	$124.26	$0.00	$8,721.34
BTC+AVAX	pools	Avalanche	BTC+AVAX	BTC	AVAX	n/a	0x238330A18d01DEa5AF01F3FD0C8136B8Ea873c0B	2021-05-20	n/a	2025-01-22	9.54%	91.59%	0.0000	6	$84,547.00	$0.00	0	9	$2,163.99	$0.00	0	10	$2,601.40	$0.00	0	19	$140.19	$0.00	0	20	$1.00	$0.00	0	8	$4.56	$0.00	0	1	$0.63	$0.00	0	11	$1.08	$0.00	419.43	3	$21.30	$8,933.82	0	4	$25.45	$0.00	0	17	$0.0085100	$0.00	0	2	$4.47	$0.00	0	16	$0.30	$0.00	0	12	$0.34	$0.00	0	15	$0.22	$0.00	0	18	$0.00000072	$0.00	0.0691	5	$596.06	$41.19	0	7	$0.2017	$0.0000	0	13	$14.40	$0.00	0	14	$124.26	$0.00	$8,975.01
ETH+AVAX	pools	Avalanche	ETH+AVAX	ETH	AVAX	n/a	0x137E9BbAcA8920087D0Fc59AA5B67D5Dee21d1be	2025-01-22	n/a	2025-01-22	9.14%	87.75%	0	6	$84,547.00	$0.00	0.8372	9	$2,163.99	$1,811.60	0	10	$2,601.40	$0.00	0	19	$140.19	$0.00	0	20	$1.00	$0.00	0	8	$4.56	$0.00	0	1	$0.63	$0.00	0	11	$1.08	$0.00	259.89	3	$21.30	$5,535.67	0	4	$25.45	$0.00	0	17	$0.0085100	$0.00	0	2	$4.47	$0.00	0	16	$0.30	$0.00	0	12	$0.34	$0.00	0	15	$0.22	$0.00	0	18	$0.00000072	$0.00	0	5	$596.06	$0.00	0	7	$0.2017	$0.0000	0	13	$14.40	$0.00	0	14	$124.26	$0.00	$7,347.27
AVAX+QI	pools	Avalanche	AVAX+QI	AVAX	QI	n/a	0xd5fdd8C63da907f3bC052b994F30a52950F05D38	2024-12-27	n/a	2025-01-05	49.67%	329.61%	0	6	$84,547.00	$0.00	0	9	$2,163.99	$0.00	0	10	$2,601.40	$0.00	0	19	$140.19	$0.00	0	20	$1.00	$0.00	0	8	$4.56	$0.00	0	1	$0.63	$0.00	0	11	$1.08	$0.00	44.9716	3	$21.30	$957.89	0	4	$25.45	$0.00	237,519.36	17	$0.0085100	$2,021.29	0	2	$4.47	$0.00	0	16	$0.30	$0.00	0	12	$0.34	$0.00	0	15	$0.22	$0.00	0	18	$0.00000072	$0.00	0	5	$596.06	$0.00	0	7	$0.2017	$0.0000	0	13	$14.40	$0.00	0	14	$124.26	$0.00	$2,979.18
AVAX+USDC	pools	Avalanche	AVAX+USDC	AVAX	USDC	n/a	0xe8A958A58BaDCD5fE22af2F50EFBa0BBF2B23C33	2025-01-24	n/a	2025-01-23	9.84%	97.11%	0	6	$84,547.00	$0.00	0	9	$2,163.99	$0.00	0	10	$2,601.40	$0.00	0	19	$140.19	$0.00	0.00	20	$1.00	$0.00	0	8	$4.56	$0.00	0	1	$0.63	$0.00	0	11	$1.08	$0.00	386.5870	3	$21.30	$8,234.30	0	4	$25.45	$0.00	0.00	17	$0.0085100	$0.00	0	2	$4.47	$0.00	0	16	$0.30	$0.00	0	12	$0.34	$0.00	0	15	$0.22	$0.00	0	18	$0.00000072	$0.00	0	5	$596.06	$0.00	0	7	$0.2017	$0.0000	0	13	$14.40	$0.00	0	14	$124.26	$0.00	$8,234.30
BTC+USDC	pools	Avalanche	BTC+USDC	BTC	USDC	n/a	0xa9C4f4cfBbfada3B20DE315AeFb5553d16539712	2025-02-14	n/a	2025-02-13	0.67%	15.35%	0.1041	6	$84,547.00	$8,798.01	0	9	$2,163.99	$0.00	0	10	$2,601.40	$0.00	0	19	$140.19	$0.00	0.00	20	$1.00	$0.00	0	8	$4.56	$0.00	0	1	$0.63	$0.00	0	11	$1.08	$0.00	0.999	3	$21.30	$21.28	0	4	$25.45	$0.00	0.00	17	$0.0085100	$0.00	0	2	$4.47	$0.00	0	16	$0.30	$0.00	0	12	$0.34	$0.00	0	15	$0.22	$0.00	0	18	$0.00000072	$0.00	0	5	$596.06	$0.00	0	7	$0.2017	$0.0000	0	13	$14.40	$0.00	0	14	$124.26	$0.00	$8,819.29
ETH+USDC	pools	Avalanche	ETH+USDC	ETH	USDC	n/a	0x3998Faa9726844639f971171bfb381311De4Ab82	2025-02-14	n/a	2025-02-13	2.31%	52.62%	0	6	$84,547.00	$0.00	3.7816	9	$2,163.99	$8,183.26	0	10	$2,601.40	$0.00	0	19	$140.19	$0.00	1000.00	20	$1.00	$1,000.00	0	8	$4.56	$0.00	0	1	$0.63	$0.00	0	11	$1.08	$0.00	0.999	3	$21.30	$21.28	0	4	$25.45	$0.00	0.00	17	$0.0085100	$0.00	0	2	$4.47	$0.00	0	16	$0.30	$0.00	0	12	$0.34	$0.00	0	15	$0.22	$0.00	0	18	$0.00000072	$0.00	0	5	$596.06	$0.00	0	7	$0.2017	$0.0000	0	13	$14.40	$0.00	0	14	$124.26	$0.00	$9,204.54
BTC+BNB	pools	Binance	BTC+BNB	BTC	BNB	n/a	0x238330A18d01DEa5AF01F3FD0C8136B8Ea873c0B	2025-02-21	n/a	2025-02-21	5.41%	246.95%	0.0649	6	$84,547.00	$5,484.28	0	9	$2,163.99	$0.00	0	10	$2,601.40	$0.00	0	19	$140.19	$0.00	0	20	$1.00	$0.00	0	8	$4.56	$0.00	0	1	$0.63	$0.00	0	11	$1.08	$0.00	0	3	$21.30	$0.00	0	4	$25.45	$0.00	0.00	17	$0.0085100	$0.00	0	2	$4.47	$0.00	0	16	$0.30	$0.00	0	12	$0.34	$0.00	0	15	$0.22	$0.00	0	18	$0.00000072	$0.00	0.0986	5	$596.06	$58.75	0	7	$0.2017	$0.0000	0	13	$14.40	$0.00	0	14	$124.26	$0.00	$5,543.03
ETH+BNB	pools	Binance	ETH+BNB	ETH	BNB	n/a	0x137E9BbAcA8920087D0Fc59AA5B67D5Dee21d1be	2025-02-26	n/a	2025-02-26	1.67%	203.79%	0	6	$84,547.00	$0.00	0.8020	9	$2,163.99	$1,735.54	0	10	$2,601.40	$0.00	0	19	$140.19	$0.00	0	20	$1.00	$0.00	0	8	$4.56	$0.00	0	1	$0.63	$0.00	0	11	$1.08	$0.00	0	3	$21.30	$0.00	0	4	$25.45	$0.00	0.00	17	$0.0085100	$0.00	0	2	$4.47	$0.00	0	16	$0.30	$0.00	0	12	$0.34	$0.00	0	15	$0.22	$0.00	0	18	$0.00000072	$0.00	0.0993	5	$596.06	$59.18	0	7	$0.2017	$0.0000	0	13	$14.40	$0.00	0	14	$124.26	$0.00	$1,794.71
INDY+ADA	pools	Cardano	INDY+ADA	INDY	ADA	account1	addr1qxzmstdw0vqp9yjf4zmckvq7mve2w67appa744epqpuy39zphqll2408k86cdna9dwxa2lsjzyntzfm0s4apjutezh9qu0wtez	2024-12-12	n/a	2024-12-12	2.93%	13.53%	0	6	$84,547.00	$0.00	0	9	$2,163.99	$0.00	0	10	$2,601.40	$0.00	0	19	$140.19	$0.00	0	20	$1.00	$0.00	0	8	$4.56	$0.00	2,155.83	1	$0.63	$1,358.17	628.09	11	$1.08	$678.34	0	3	$21.30	$0.00	0	4	$25.45	$0.00	0	17	$0.0085100	$0.00	0	2	$4.47	$0.00	0	16	$0.30	$0.00	0	12	$0.34	$0.00	0	15	$0.22	$0.00	0	18	$0.00000072	$0.00	0	5	$596.06	$0.00	0	7	$0.2017	$0.0000	0	13	$14.40	$0.00	0	14	$124.26	$0.00	$2,036.51
ADA+iUSD	pools	Cardano	ADA+USDC	ADA	USDC	account2	addr1qx470qj3t00nxw3w579q50y97pwmz4r30495qkr5y7pekkjsh6humhevtth3qpvkv4q2tugp5kmaw4qf7a0yyslhzresyzetkm	2025-02-20	n/a	2025-02-20	0.00%	0.00%	0	6	$84,547.00	$0.00	0	9	$2,163.99	$0.00	0	10	$2,601.40	$0.00	0	19	$140.19	$0.00	2085.07	20	$1.00	$2,085.07	0	8	$4.56	$0.00	2,465.61	1	$0.63	$1,553.33	0	11	$1.08	$0.00	0	3	$21.30	$0.00	0	4	$25.45	$0.00	0	17	$0.0085100	$0.00	0	2	$4.47	$0.00	0	16	$0.30	$0.00	0	12	$0.34	$0.00	0	15	$0.22	$0.00	0	18	$0.00000072	$0.00	0	5	$596.06	$0.00	0	7	$0.2017	$0.0000	0	13	$14.40	$0.00	0	14	$124.26	$0.00	$3,638.40
iBTC+ADA	pools	Cardano	iBTC+ADA	BTC	ADA	account3	addr1qxg730953hpxfle2t0tcxt0au2y8x3a2lur56wvl6jty4hssd6drj6hr33c3jy8qmwc4vglscjptyz4ssf2wrc55v0jqr0fde9	2025-02-21	n/a	2025-02-21	0.00%	n/a	0.01087	6	$84,547.00	$919.03	0	9	$2,163.99	$0.00	0	10	$2,601.40	$0.00	0	19	$140.19	$0.00	0	20	$1.00	$0.00	0	8	$4.56	$0.00	1199.20	1	$0.63	$755.49	0	11	$1.08	$0.00	0	3	$21.30	$0.00	0	4	$25.45	$0.00	0	17	$0.0085100	$0.00	0	2	$4.47	$0.00	0	16	$0.30	$0.00	0	12	$0.34	$0.00	0	15	$0.22	$0.00	0	18	$0.00000072	$0.00	0	5	$596.06	$0.00	0	7	$0.2017	$0.0000	0	13	$14.40	$0.00	0	14	$124.26	$0.00	$1,674.52
iETH+ADA	pools	Cardano	iETH+ADA	ETH	ADA	account4	addr1q9d6g8a3nf9tyzkufp3d7gl4qautm9mus2zsfsvzqzqns97afxxczg4w3x3sm6xxvl5yk25m0s2r4pvug9jr2kr354csed7fae	2025-02-21	n/a	2025-02-21	0.00%	n/a	0	6	$84,547.00	$0.00	0.40385	9	$2,163.99	$873.94	0	10	$2,601.40	$0.00	0	19	$140.19	$0.00	0	20	$1.00	$0.00	0	8	$4.56	$0.00	1223.33	1	$0.63	$770.70	0	11	$1.08	$0.00	0	3	$21.30	$0.00	0	4	$25.45	$0.00	0	17	$0.0085100	$0.00	0	2	$4.47	$0.00	0	16	$0.30	$0.00	0	12	$0.34	$0.00	0	15	$0.22	$0.00	0	18	$0.00000072	$0.00	0	5	$596.06	$0.00	0	7	$0.2017	$0.0000	0	13	$14.40	$0.00	0	14	$124.26	$0.00	$1,644.63
iSOL+ADA	pools	Cardano	iSOL+ADA	SOL	ADA	account5	addr1qxfm3dpteaq6zwa44nz4fpayhtlhvn83tqtd95xrjuvsqj9yrlq5henvk7ftdm6z4k2yxgwtr7wzas0g3w5lrgh2quqswvya95	n/a	n/a	2025-02-21	---	---	0	6	$84,547.00	$0.00	0	9	$2,163.99	$0.00	0	10	$2,601.40	$0.00	0	19	$140.19	$0.00	0	20	$1.00	$0.00	0	8	$4.56	$0.00	2,468.98	1	$0.63	$1,555.46	0	11	$1.08	$0.00	0	3	$21.30	$0.00	0	4	$25.45	$0.00	0	17	$0.0085100	$0.00	0	2	$4.47	$0.00	0	16	$0.30	$0.00	0	12	$0.34	$0.00	0	15	$0.22	$0.00	0	18	$0.00000072	$0.00	0	5	$596.06	$0.00	0	7	$0.2017	$0.0000	0	13	$14.40	$0.00	0	14	$124.26	$0.00	$1,555.46
ATOM+KUJI	pools	CØSMOS	ATOM+KUJI	ATOM	KUJI	n/a	osmo1h525rx052gx2qt9qc9jqj6f7thv5h3lyxpva9c	2024-12-12	n/a	2024-12-12	6.93%	32.03%	0	6	$84,547.00	$0.00	0	9	$2,163.99	$0.00	0	10	$2,601.40	$0.00	0	19	$140.19	$0.00	950.014	20	$1.00	$950.01	0	8	$4.56	$0.00	0	1	$0.63	$0.00	0	11	$1.08	$0.00	0	3	$21.30	$0.00	0	4	$25.45	$0.00	0	17	$0.0085100	$0.00	0.0000	2	$4.47	$0.00	9.95	16	$0.30	$2.99	6294.13	12	$0.34	$2,140.00	0	15	$0.22	$0.00	0	18	$0.00000072	$0.00	0	5	$596.06	$0.00	0	7	$0.2017	$0.0000	0	13	$14.40	$0.00	0	14	$124.26	$0.00	$3,093.00
ATOM+OSMO	pools	CØSMOS	ATOM+OSMO	ATOM	OSMO	n/a	osmo15fuucphnt7zwhdq9n5jxl25svakaxs8fv2w7ws	2024-12-12	n/a	n/a	---	---	0	6	$84,547.00	$0.00	0	9	$2,163.99	$0.00	0	10	$2,601.40	$0.00	0	19	$140.19	$0.00	0	20	$1.00	$0.00	0	8	$4.56	$0.00	0	1	$0.63	$0.00	0	11	$1.08	$0.00	0	3	$21.30	$0.00	0	4	$25.45	$0.00	0	17	$0.0085100	$0.00	242.78	2	$4.47	$1,085.23	5805.45	16	$0.30	$1,741.64	0	12	$0.34	$0.00	0	15	$0.22	$0.00	0	18	$0.00000072	$0.00	0	5	$596.06	$0.00	0	7	$0.2017	$0.0000	0	13	$14.40	$0.00	0	14	$124.26	$0.00	$2,826.86
LUNA+ROAR	pools	Terra	LUNA+ROAR	LUNA	ROAR	n/a	terra1vl7hgw4df6ne5ew34n05ggz0zsrhez9r42d88e	2024-12-12	n/a	n/a	---	---	0	6	$84,547.00	$0.00	0	9	$2,163.99	$0.00	0	10	$2,601.40	$0.00	0	19	$140.19	$0.00	0	20	$1.00	$0.00	0	8	$4.56	$0.00	0	1	$0.63	$0.00	0	11	$1.08	$0.00	0	3	$21.30	$0.00	0	4	$25.45	$0.00	0	17	$0.0085100	$0.00	0	2	$4.47	$0.00	0	16	$0.30	$0.00	0	12	$0.34	$0.00	3,096.41	15	$0.22	$681.21	489,043,210.98	18	$0.00000072	$352.11	0	5	$596.06	$0.00	0	7	$0.2017	$0.0000	0	13	$14.40	$0.00	0	14	$124.26	$0.00	$1,033.32
Vault	vault	Bitcoin	n/a	n/a	n/a	n/a	variable	2025-02-24	treasury.html	2025-02-24	0.00%	0.00%	0.05650	6	$84,547.00	$4,777.28	0	9	$2,163.99	$0.00	0	10	$2,601.40	$0.00	0	19	$140.19	$0.00	0	20	$1.00	$0.00	0	8	$4.56	$0.00	0	1	$0.63	$0.00	0	11	$1.08	$0.00	0	3	$21.30	$0.00	0	4	$25.45	$0.00	0	17	$0.0085100	$0.00	0	2	$4.47	$0.00	0	16	$0.30	$0.00	0	12	$0.34	$0.00	0	15	$0.22	$0.00	0	18	$0.00000072	$0.00	0	5	$596.06	$0.00	0	7	$0.2017	$0.0000	0	13	$14.40	$0.00	0	14	$124.26	$0.00	$4,777.28
coinbase	slush	Base	n/a	n/a	n/a	n/a	various	2021-05-20	n/a	n/a	---	---	0	6	$84,547.00	$0.00	0	9	$2,163.99	$0.00	0	10	$2,601.40	$0.00	0	19	$140.19	$0.00	0	20	$1.00	$0.00	0	8	$4.56	$0.00	0	1	$0.63	$0.00	0	11	$1.08	$0.00	0	3	$21.30	$0.00	0	4	$25.45	$0.00	0	17	$0.0085100	$0.00	0	2	$4.47	$0.00	0	16	$0.30	$0.00	0	12	$0.34	$0.00	0	15	$0.22	$0.00	0	18	$0.00000072	$0.00	0	5	$596.06	$0.00	0	7	$0.2017	$0.0000	0	13	$14.40	$0.00	0	14	$124.26	$0.00	$0.00
Axelar	wallet	CØSMOS	n/a	n/a	n/a	n/a	axelar1h525rx052gx2qt9qc9jqj6f7thv5h3ly25f9ct	2024-12-12	n/a	n/a	---	---	0	6	$84,547.00	$0.00	0	9	$2,163.99	$0.00	0.199286	10	$2,601.40	$518.42	0	19	$140.19	$0.00	0	20	$1.00	$0.00	0	8	$4.56	$0.00	0	1	$0.63	$0.00	0	11	$1.08	$0.00	0	3	$21.30	$0.00	0	4	$25.45	$0.00	0	17	$0.0085100	$0.00	0	2	$4.47	$0.00	0	16	$0.30	$0.00	0	12	$0.34	$0.00	0	15	$0.22	$0.00	0	18	$0.00000072	$0.00	0	5	$596.06	$0.00	0	7	$0.2017	$0.0000	0	13	$14.40	$0.00	0	14	$124.26	$0.00	$518.42
